{"stats":{"minecraft:killed":{"minecraft:skeleton":20,"minecraft:zombie":10,"minecraft:spider":2,"mythicmobs:chupacabra":1,"mythicmounts:geckotoalizard":1,"bewitchment:ghost":1},"minecraft:used":{"minecraft:dark_oak_planks":4,"minecraft:stone_sword":33,"minecraft:bread":12,"minecraft:iron_pickaxe":41,"minecraft:polished_basalt":3,"spellbladenext:arcane_blade":116,"minecraft:sandstone":9,"minecraft:iron_sword":299,"vinery:jungle_grapes_red":2,"minecraft:rotten_flesh":8,"minecraft:diamond_sword":84,"minecraft:bow":12,"minecraft:azalea_leaves":13,"minecraft:crafting_table":1},"minecraft:mined":{"minecraft:dark_oak_planks":2,"minecraft:polished_basalt":3,"minecraft:jungle_leaves":3,"treechop:chopped_log":1,"minecraft:stripped_dark_oak_wood":1,"minecraft:azalea_leaves":2,"minecraft:sandstone":9,"minecraft:oak_leaves":1,"minecraft:spawner":19},"minecraft:killed_by":{"minecraft:skeleton":4,"minecraft:zombie":1},"minecraft:broken":{"minecraft:iron_sword":1},"minecraft:custom":{"minecraft:time_since_rest":4651,"lootr:looted_stat":14,"minecraft:sprint_one_cm":146464,"minecraft:walk_one_cm":145021,"minecraft:damage_taken":9481,"minecraft:damage_absorbed":1471,"minecraft:mob_kills":43,"minecraft:damage_dealt":10218,"minecraft:interact_with_crafting_table":1,"minecraft:fly_one_cm":740726,"minecraft:crouch_one_cm":3758,"minecraft:play_time":61376,"minecraft:deaths":5,"minecraft:sneak_time":3405,"minecraft:walk_under_water_one_cm":2830,"minecraft:jump":562,"minecraft:damage_dealt_resisted":0,"minecraft:walk_on_water_one_cm":25854,"minecraft:time_since_death":4624,"minecraft:climb_one_cm":1817,"minecraft:total_world_time":61376,"minecraft:hex":0,"minecraft:fall_one_cm":9033},"minecraft:picked_up":{"minecraft:dark_oak_slab":2,"minecraft:sandstone":9,"minecraft:jungle_log":5,"minecraft:spider_eye":1,"minecraft:string":1,"minecraft:dark_oak_planks":4,"minecraft:smooth_sandstone":2,"minecraft:bone":12,"minecraft:arrow":18,"minecraft:rotten_flesh":17,"vinery:jungle_grapes_red":2,"mythicmobs:chupacabra_raw_meat":1,"minecraft:polished_basalt":3,"minecraft:stripped_dark_oak_wood":1,"minecraft:jungle_sapling":2,"minecraft:iron_pickaxe":1,"bewitchment:ectoplasm":2,"twigs:twig":2},"minecraft:crafted":{"minecraft:diamond_sword":1,"minecraft:crafting_table":1,"minecraft:stick":4,"minecraft:dark_oak_planks":4}},"DataVersion":3465}