{"stats":{"minecraft:dropped":{"botania:mana_spreader":2,"minecraft:ender_pearl":1,"fwaystones:waystone":1,"minecraft:cracked_stone_bricks":1,"promenade:duck":1,"travelersbackpack:standard":1,"minecraft:flint":3,"bewitchment:aconite_seeds":1,"botania:endoflame":7,"minecraft:dirt":19,"botania:rune_earth":2,"bewitchment:belladonna_seeds":1,"minecraft:bone":7,"minecraft:gravel":42,"botania:apothecary_livingrock":1,"minecraft:cooked_chicken":192,"minecraft:cobbled_deepslate":137,"minecraft:soul_lantern":1,"minecraft:rotten_flesh":17,"minecraft:leather_chestplate":1,"minecraft:gunpowder":11,"minecraft:jungle_log":5,"minecraft:arrow":18,"botania:black_lotus":2,"botania:rune_water":2,"minecraft:wheat_seeds":13,"minecraft:feather":7,"minecraft:cobblestone":258,"regions_unexplored:yellow_lupine":3,"minecraft:granite":161,"botania:mana_pool":1,"minecraft:torch":1,"regions_unexplored:dusktrap":1,"travelersbackpack:enderman":1,"bewitchment:garlic":2,"minecraft:polished_andesite_stairs":1,"minecraft:smooth_sandstone_slab":2,"regions_unexplored:poppy_bush":4,"ae2:fluix_glass_cable":1,"minecraft:string":17,"minecraft:smooth_sandstone":1,"twigs:rhyolite":40,"minecraft:player_head":1,"minecraft:tuff":1,"minecraft:iron_boots":1,"minecraft:diamond_sword":1,"botania:pure_daisy":8,"bewitchment:mandrake_seeds":1,"botania:lexicon":1,"minecraft:diamond_chestplate":2,"botania:monocle":1,"minecraft:dead_bubble_coral":3,"bewitchment:ectoplasm":2,"minecraft:mossy_stone_bricks":1,"botania:twig_wand":1,"minecraft:stone_bricks":11,"minecraft:spider_eye":2,"minecraft:bow":2,"regions_unexplored:silt_dirt":40,"botania:runic_altar":1},"minecraft:killed":{"minecraft:cave_spider":2,"graveyard:skeleton_creeper":2,"minecraft:spider":8,"promenade:sunken_skeleton":1,"minecraft:skeleton":38,"creeperoverhaul:jungle_creeper":1,"minecraft:pig":1,"minecraft:zombie_villager":1,"minecraft:creeper":8,"minecraft:sheep":8,"minecraft:zombie":27,"mutantmonsters:mutant_creeper":1,"minecraft:cow":1,"graveyard:nightmare":1,"promenade:duck":3,"bewitchment:ghost":1,"mythicmobs:chupacabra":1,"mythicmounts:geckotoalizard":2,"mutantmonsters:creeper_minion":1,"minecraft:wither_skeleton":3,"minecraft:enderman":1},"minecraft:used":{"ae2:charger":2,"minecraft:polished_basalt":3,"minecraft:chest":5,"ae2:terminal":1,"minecraft:iron_sword":299,"minecraft:player_head":2,"minecraft:rotten_flesh":27,"create:mechanical_bearing":2,"create:white_sail":9,"minecraft:jungle_planks":1,"create:depot":1,"farmersdelight:tomato":10,"ae2:vibration_chamber":1,"minecraft:spruce_wood":1,"minecraft:bow":12,"minecraft:furnace":8,"minecraft:diorite":7,"minecraft:oak_planks":2,"spellbladenext:arcane_blade":116,"minecraft:sandstone":9,"minecraft:sugar_cane":10,"minecraft:diamond_axe":118,"create:mechanical_saw":8,"minecraft:sand":9,"paladins:iron_kite_shield":18,"ae2:controller":2,"minecraft:black_terracotta":4,"ae2:drive":2,"minecraft:bread":13,"minecraft:melon_slice":35,"travelersbackpack:pumpkin":1,"create:andesite_casing":7,"mythicmobs:chupacabra_raw_meat":1,"minecraft:diamond_sword":177,"ae2:energy_cell":2,"minecraft:stone_sword":33,"minecraft:tropical_fish":4,"regions_unexplored:silt_grass_block":114,"vinery:jungle_grapes_red":2,"minecraft:torch":71,"minecraft:dirt":69,"ae2:inscriber":2,"minecraft:granite":4,"minecraft:dark_oak_planks":4,"spellbladenext:flaming_falchion":12,"create:wrench":27,"minecraft:smooth_sandstone":16,"minecraft:cooked_beef":1,"minecraft:cooked_mutton":2,"minecraft:water_bucket":2,"minecraft:salmon":7,"expandeddelight:sweet_potato":1,"paladins:diamond_mace":121,"minecraft:crafting_table":2,"minecraft:cod":4,"minecraft:oak_log":20,"minecraft:diamond_pickaxe":2351,"minecraft:apple":5,"create:mechanical_press":1,"create:windmill_bearing":2,"minecraft:iron_pickaxe":336,"create:water_wheel":3,"minecraft:stone_slab":1,"simplyswords:wickpiercer":627,"ae2:fluix_glass_cable":7,"create:large_water_wheel":6,"minecraft:cobblestone":11,"minecraft:azalea_leaves":13,"minecraft:porkchop":1,"minecraft:cooked_porkchop":1,"minecraft:bucket":2,"create:hand_crank":1,"regions_unexplored:silt_dirt":9},"minecraft:mined":{"minecraft:dark_oak_planks":2,"create:deepslate_zinc_ore":1,"create:andesite_casing":20,"minecraft:jungle_leaves":5,"minecraft:granite":128,"regions_unexplored:dropleaf":7,"minecraft:grass_block":25,"modern_industrialization:lignite_coal_ore":168,"minecraft:spawner":68,"modern_industrialization:tungsten_ore":4,"minecraft:iron_ore":43,"techreborn:deepslate_lead_ore":7,"minecraft:deepslate_lapis_ore":4,"minecraft:stripped_dark_oak_wood":1,"minecraft:dirt_path":1,"minecraft:azalea_leaves":2,"regions_unexplored:silt_grass_block":20,"minecraft:player_head":2,"minecraft:tripwire":1,"minecraft:deepslate_redstone_ore":6,"techreborn:deepslate_bauxite_ore":3,"modern_industrialization:deepslate_tungsten_ore":1,"soulsweapons:verglas_ore_deepslate":2,"regions_unexplored:corpse_flower":3,"powah:uraninite_ore":2,"minecraft:clay":26,"minecraft:torch":2,"techreborn:deepslate_tin_ore":3,"minecraft:melon":8,"minecraft:polished_andesite_stairs":1,"minecraft:chest":1,"minecraft:cobblestone":4,"minecraft:sugar_cane":2,"minecraft:oak_planks":1,"minecraft:wall_torch":12,"powah:deepslate_uraninite_ore_poor":10,"modern_industrialization:deepslate_lignite_coal_ore":37,"create:large_water_wheel":3,"modern_industrialization:deepslate_uranium_ore":1,"techreborn:silver_ore":34,"regions_unexplored:sandy_tall_grass":3,"minecraft:grass":3,"minecraft:oak_log":4,"techreborn:galena_ore":36,"archon:earth_node":2,"minecraft:sand":34,"minecraft:dirt":69,"twigs:rhyolite":40,"minecraft:oak_leaves":4,"minecraft:deepslate":466,"soulsweapons:verglas_ore":2,"create:zinc_ore":17,"techreborn:sapphire_ore":22,"minecraft:tuff":2,"regions_unexplored:barley":1,"regions_unexplored:dropleaf_plant":1,"regions_unexplored:dusktrap":3,"minecraft:jungle_planks":1,"create_new_age:thorium_ore":22,"techreborn:bauxite_ore":31,"minecraft:sandstone":9,"minecraft:redstone_ore":2,"techreborn:lead_ore":73,"minecraft:polished_basalt":3,"minecraft:andesite":94,"treechop:chopped_log":10,"soulsweapons:moonstone_ore_deepslate":9,"minecraft:deepslate_iron_ore":11,"regions_unexplored:medium_grass":3,"minecraft:stone":686,"expandeddelight:wild_sweet_potatoes":1,"techreborn:deepslate_silver_ore":2,"minecraft:soul_sand":1,"create_new_age:magnetite_block":11,"minecraft:smooth_sandstone":1,"regions_unexplored:silt_dirt":46,"modern_industrialization:nickel_ore":17,"minecraft:tall_grass":6,"minecraft:copper_ore":76,"minecraft:deepslate_gold_ore":8,"minecraft:lapis_ore":3,"minecraft:diorite":98,"techreborn:tin_ore":62,"supplementaries:urn":1,"jewelry:deepslate_gem_vein":3,"bewitchment:elder_leaves":4,"techreborn:ruby_ore":17,"modern_industrialization:antimony_ore":9,"regions_unexplored:sandy_grass":50,"minecraft:coal_ore":144,"minecraft:gravel":43,"minecraft:cobweb":16,"minecraft:cracked_stone_bricks":1,"minecraft:stone_bricks":13,"minecraft:mossy_stone_bricks":1},"minecraft:killed_by":{"minecraft:wither_skeleton":2,"mythicmobs:chupacabra":2,"minecraft:zombie":1,"mutantmonsters:mutant_skeleton":2,"minecraft:skeleton":7},"minecraft:broken":{"paladins:iron_kite_shield":1,"minecraft:diamond_pickaxe":1,"minecraft:iron_sword":1,"minecraft:iron_pickaxe":1},"minecraft:custom":{"lootr:looted_stat":80,"minecraft:interact_with_crafting_table":36,"minecraft:bell_ring":2,"minecraft:eat_cake_slice":4,"minecraft:leave_game":2,"minecraft:time_since_death":150161,"minecraft:damage_resisted":0,"minecraft:sprint_one_cm":798862,"minecraft:damage_blocked_by_shield":3730,"minecraft:drop":114,"minecraft:talked_to_villager":1,"minecraft:play_time":353253,"minecraft:deaths":15,"minecraft:jump":3720,"minecraft:walk_on_water_one_cm":41582,"minecraft:interact_with_furnace":17,"minecraft:damage_dealt":40770,"minecraft:crouch_one_cm":6087,"minecraft:mob_kills":121,"minecraft:items_inserted":2739,"minecraft:damage_dealt_resisted":0,"minecraft:climb_one_cm":6578,"minecraft:walk_one_cm":1060829,"minecraft:sneak_time":4880,"minecraft:walk_under_water_one_cm":5626,"minecraft:total_world_time":353253,"minecraft:items_extracted":347,"minecraft:hex":0,"minecraft:time_since_rest":150190,"minecraft:damage_taken":30112,"minecraft:damage_absorbed":2939,"minecraft:swim_one_cm":13130,"minecraft:fly_one_cm":1720161,"minecraft:open_chest":25,"minecraft:fall_one_cm":70803},"minecraft:picked_up":{"regions_unexplored:small_oak_log":12,"techreborn:raw_tin":65,"minecraft:stone_slab":1,"regions_unexplored:silt_dirt":98,"soulsweapons:moonstone":8,"minecraft:string":25,"minecraft:raw_copper":254,"techreborn:galena_ore":36,"minecraft:cobbled_deepslate":210,"bosses_of_mass_destruction:soul_star":1,"modern_industrialization:raw_uranium":1,"twigs:pebble":16,"minecraft:iron_pickaxe":1,"minecraft:melon_slice":35,"minecraft:stick":8,"regions_unexplored:corpse_flower":3,"minecraft:torch":15,"create:andesite_casing":20,"minecraft:porkchop":1,"minecraft:diorite":98,"minecraft:rotten_flesh":36,"minecraft:polished_basalt":3,"supplementaries:antique_ink":3,"minecraft:cobblestone":572,"minecraft:leather_chestplate":1,"minecraft:feather":7,"minecraft:andesite":94,"minecraft:jungle_log":5,"minecraft:flint":3,"minecraft:tuff":1,"create:raw_zinc":17,"minecraft:lapis_lazuli":50,"farmersdelight:tomato":10,"minecraft:dirt":122,"minecraft:bone":30,"minecraft:bow":1,"minecraft:wheat_seeds":13,"minecraft:raw_gold":8,"create_new_age:magnetite_block":11,"minecraft:mossy_stone_bricks":1,"twigs:twig":40,"regions_unexplored:dropleaf":3,"minecraft:oak_planks":1,"minecraft:black_terracotta":4,"promenade:duck":4,"techreborn:raw_lead":80,"minecraft:jungle_planks":1,"minecraft:sand":34,"techreborn:sapphire_gem":33,"techreborn:red_garnet_gem":10,"techreborn:bauxite_ore":31,"techreborn:peridot_gem":9,"vinery:jungle_grapes_red":2,"minecraft:granite":124,"soulsweapons:verglas":4,"bewitchment:ectoplasm":2,"minecraft:oak_sapling":66,"twigs:rhyolite":40,"modern_industrialization:lignite_coal":205,"create_new_age:thorium":64,"minecraft:clay_ball":56,"regions_unexplored:poppy_bush":4,"graveyard:corruption":3,"minecraft:cracked_stone_bricks":1,"techreborn:raw_silver":35,"mythicmobs:chupacabra_raw_meat":1,"minecraft:beef":1,"minecraft:player_head":4,"minecraft:jungle_sapling":2,"minecraft:light_gray_wool":1,"minecraft:chest":1,"minecraft:sugar_cane":16,"minecraft:raw_iron":54,"minecraft:sandstone":9,"jewelry:jade":1,"techreborn:ruby_gem":23,"fwaystones:waystone":1,"minecraft:redstone":37,"minecraft:dark_oak_planks":4,"minecraft:smooth_sandstone_slab":2,"regions_unexplored:dusktrap":1,"jewelry:ruby":1,"minecraft:arrow":35,"bewitchment:garlic":2,"minecraft:diamond_chestplate":1,"minecraft:stripped_dark_oak_wood":1,"minecraft:mutton":13,"minecraft:white_wool":5,"modern_industrialization:raw_antimony":9,"minecraft:leather":1,"archon:earth_essence":2,"minecraft:oak_log":107,"minecraft:gunpowder":11,"expandeddelight:sweet_potato":1,"bewitchment:aconite_seeds":1,"regions_unexplored:small_oak_sapling":5,"minecraft:smooth_sandstone":17,"minecraft:apple":5,"minecraft:stone_bricks":11,"minecraft:spruce_wood":1,"bewitchment:mandrake_seeds":1,"regions_unexplored:yellow_lupine":3,"minecraft:dark_oak_stairs":1,"minecraft:polished_andesite_stairs":1,"jewelry:topaz":1,"modern_industrialization:raw_tungsten":5,"minecraft:dark_oak_slab":2,"create:large_water_wheel":3,"minecraft:gravel":42,"bewitchment:belladonna_seeds":1,"powah:uraninite_raw":14,"minecraft:spider_eye":3,"minecraft:dead_bubble_coral":3,"paladins:paladin_armor_feet":1,"modern_industrialization:raw_nickel":17,"travelersbackpack:pumpkin":1,"minecraft:gray_wool":2,"minecraft:coal":145,"ae2:item_storage_cell_1k":2,"minecraft:ender_pearl":1},"minecraft:crafted":{"minecraft:oak_planks":92,"create:mechanical_bearing":1,"minecraft:cooked_mutton":11,"techreborn:lead_ingot":63,"create:mechanical_press":1,"minecraft:chest":4,"create:cogwheel":6,"minecraft:oak_slab":12,"create:depot":1,"minecraft:cooked_porkchop":1,"minecraft:diamond_axe":1,"minecraft:crafting_table":2,"create:mechanical_saw":4,"minecraft:copper_ingot":64,"create:sand_paper":1,"create:gearbox":1,"minecraft:paper":6,"minecraft:diamond_pickaxe":2,"create:water_wheel":2,"create:super_glue":1,"minecraft:stick":32,"minecraft:iron_ingot":40,"minecraft:iron_block":1,"create:wrench":1,"minecraft:iron_nugget":81,"create:white_sail":8,"minecraft:furnace":8,"techreborn:tin_ingot":61,"create:millstone":1,"minecraft:dark_oak_planks":4,"create:windmill_bearing":1,"minecraft:cooked_beef":1,"create:andesite_alloy":40,"create:hand_crank":1,"minecraft:diamond_sword":1,"create:large_water_wheel":1,"minecraft:bucket":1,"minecraft:air":0,"create:mechanical_drill":1,"create:shaft":16,"minecraft:torch":48}},"DataVersion":3465}