{"stats":{"minecraft:picked_up":{"minecraft:cocoa_beans":4,"minecraft:jungle_log":6,"regions_unexplored:flowering_shrub":3,"twigs:bamboo_leaves":2,"bewitchment:belladonna_seeds":1,"croptopia:kumquat":2,"regions_unexplored:daisy":1,"regions_unexplored:tassel":2,"botania:black_mystical_flower":2,"minecraft:rotten_flesh":1,"minecraft:wheat_seeds":5,"minecraft:jungle_sapling":4,"minecraft:poppy":1,"minecraft:melon_slice":18,"minecraft:bamboo":6,"twigs:twig":5,"botania:green_mystical_flower":1},"minecraft:mined":{"botania:green_mystical_flower":1,"minecraft:jungle_leaves":5,"treechop:chopped_log":1,"minecraft:grass":22,"minecraft:poppy":1,"minecraft:melon":3,"minecraft:cocoa":2,"minecraft:jungle_log":2,"regions_unexplored:medium_grass":7,"croptopia:kumquat_crop":2,"minecraft:bamboo":1,"regions_unexplored:daisy":1,"minecraft:oak_leaves":2,"regions_unexplored:flowering_shrub":3,"botania:black_mystical_flower":2,"regions_unexplored:tassel":2,"minecraft:fern":6},"minecraft:dropped":{"minecraft:poppy":1},"minecraft:killed":{"minecraft:zombie":2},"minecraft:custom":{"minecraft:time_since_rest":12472,"minecraft:sprint_one_cm":12263,"minecraft:damage_taken":249,"minecraft:walk_one_cm":32415,"minecraft:mob_kills":2,"minecraft:drop":1,"minecraft:damage_dealt":401,"minecraft:swim_one_cm":3451,"minecraft:fly_one_cm":17084,"minecraft:play_time":12472,"minecraft:sneak_time":73,"minecraft:walk_under_water_one_cm":2321,"minecraft:damage_dealt_resisted":0,"minecraft:jump":140,"minecraft:time_since_death":12472,"minecraft:walk_on_water_one_cm":550,"minecraft:climb_one_cm":2218,"minecraft:total_world_time":12472,"minecraft:hex":0,"minecraft:fall_one_cm":2308},"minecraft:used":{"minecraft:stone_sword":26}},"DataVersion":3465}