{"stats":{"minecraft:dropped":{"twigs:bamboo_leaves":5,"botania:black_mystical_flower":2,"minecraft:rotten_flesh":1,"regions_unexplored:tassel":2,"regions_unexplored:flowering_shrub":3,"regions_unexplored:daisy":1,"minecraft:poppy":1,"croptopia:kumquat":14,"botania:green_mystical_flower":1,"bewitchment:belladonna_seeds":2},"minecraft:killed":{"promenade:duck":1,"promenade:sunken_skeleton":2,"minecraft:skeleton":1,"minecraft:zombie":2,"creeperoverhaul:ocean_creeper":3},"minecraft:used":{"minecraft:stone_sword":82,"minecraft:shield":12,"minecraft:dirt":2,"minecraft:crafting_table":1,"minecraft:jungle_planks":3,"minecraft:wooden_axe":54,"minecraft:melon_slice":11,"minecraft:jungle_log":1,"croptopia:kumquat":6},"minecraft:mined":{"minecraft:podzol":1,"botania:green_mystical_flower":1,"minecraft:jungle_leaves":19,"minecraft:crafting_table":1,"promenade:blush_sakura_blossoms":3,"minecraft:grass_block":1,"minecraft:poppy":1,"minecraft:melon":12,"minecraft:jungle_log":2,"minecraft:sugar_cane":1,"regions_unexplored:daisy":1,"botania:black_mystical_flower":2,"treechop:chopped_log":4,"minecraft:grass":27,"minecraft:cocoa":4,"minecraft:vine":1,"regions_unexplored:medium_grass":7,"croptopia:kumquat_crop":24,"minecraft:bamboo":1,"minecraft:oak_leaves":3,"croptopia:coconut_crop":2,"regions_unexplored:flowering_shrub":3,"regions_unexplored:tassel":2,"minecraft:fern":7},"minecraft:killed_by":{"creeperoverhaul:ocean_creeper":2,"tinyskeletons:baby_skeleton":1},"minecraft:custom":{"minecraft:mob_kills":9,"minecraft:interact_with_crafting_table":1,"minecraft:damage_dealt_resisted":0,"minecraft:time_since_death":4173,"minecraft:climb_one_cm":5878,"minecraft:damage_resisted":0,"minecraft:hex":0,"minecraft:time_since_rest":4200,"minecraft:sprint_one_cm":45686,"minecraft:damage_taken":1436,"minecraft:walk_one_cm":104908,"minecraft:damage_blocked_by_shield":190,"minecraft:drop":11,"minecraft:damage_dealt":1796,"minecraft:swim_one_cm":32289,"minecraft:fly_one_cm":96173,"minecraft:crouch_one_cm":207,"minecraft:play_time":51416,"minecraft:deaths":3,"minecraft:sneak_time":127,"minecraft:walk_under_water_one_cm":20666,"minecraft:jump":522,"minecraft:walk_on_water_one_cm":25028,"minecraft:total_world_time":51416,"minecraft:fall_one_cm":10941},"minecraft:picked_up":{"minecraft:cocoa_beans":10,"minecraft:crafting_table":1,"minecraft:salmon":2,"minecraft:jungle_log":6,"regions_unexplored:flowering_shrub":3,"minecraft:oak_log":15,"promenade:blush_sakura_sapling":3,"croptopia:kumquat":20,"minecraft:horn_coral":3,"minecraft:fire_coral":4,"regions_unexplored:tassel":2,"minecraft:dirt":2,"botania:black_mystical_flower":2,"minecraft:bone":4,"twigs:opaline_seashell":1,"minecraft:apple":1,"promenade:sakura_log":9,"minecraft:wheat_seeds":5,"regions_unexplored:redwood_sapling":28,"croptopia:coconut":2,"minecraft:jungle_sapling":4,"minecraft:poppy":1,"minecraft:melon_slice":63,"minecraft:bamboo":16,"twigs:twig":30,"minecraft:sugar_cane":2,"regions_unexplored:redwood_log":175,"minecraft:stick":7,"promenade:duck":1,"twigs:bamboo_leaves":5,"bewitchment:belladonna_seeds":2,"regions_unexplored:daisy":1,"minecraft:arrow":3,"minecraft:rotten_flesh":1,"minecraft:oak_sapling":13,"botania:green_mystical_flower":1,"minecraft:cod":2},"minecraft:crafted":{"minecraft:crafting_table":1,"minecraft:jungle_planks":12,"minecraft:stick":16,"minecraft:wooden_axe":1}},"DataVersion":3465}