{"stats":{"minecraft:dropped":{"minecraft:candle":1,"minecraft:moss_block":17,"minecraft:lapis_lazuli":1,"minecraft:glass_bottle":1,"minecraft:diamond":6,"botania:black_mystical_flower":2,"minecraft:glow_berries":2,"minecraft:jungle_planks":11,"travelersbackpack:standard":1,"minecraft:leather_helmet":2,"regions_unexplored:flowering_shrub":3,"minecraft:flint":2,"minecraft:gold_block":1,"minecells:broadsword":1,"croptopia:kumquat":14,"minecells:infected_flesh":8,"beachparty:overgrown_disc":1,"simplyswords:livyatan":1,"archon:diamond_mana_catalyst":1,"botania:green_mystical_flower":1,"minecraft:jungle_sapling":61,"minecraft:white_wool":15,"bewitchment:belladonna_seeds":2,"twigs:twig":1,"minecraft:bone":13,"minecraft:gravel":1,"twigs:azalea_flowers":1,"minecraft:iron_nugget":95,"minecraft:cobbled_deepslate":1,"archon:cloudshot_tome":1,"minecraft:rotten_flesh":42,"minecraft:oak_planks":1,"simplyswords:diamond_twinblade":1,"create:asurine":5,"minecraft:poppy":1,"create:scoria":5,"minecraft:gunpowder":3,"minecraft:jungle_log":32,"minecraft:azalea":3,"minecraft:acacia_sapling":1,"minecraft:leather_leggings":1,"minecraft:arrow":19,"minecraft:glass":1,"minecells:chain_pile":1,"minecraft:enchanted_book":2,"minecraft:iron_ingot":3,"minecraft:bread":39,"twigs:bamboo_leaves":5,"minecraft:wheat_seeds":5,"travelersbackpack:bookshelf":1,"endrem:witch_pupil":1,"minecraft:cobblestone":8,"minecraft:book":4,"regions_unexplored:tassel":2,"minecraft:granite":13,"regions_unexplored:daisy":1,"minecraft:diorite":5,"minecraft:torch":32,"spellbladenext:spelloil":1,"archon:scripture_table":1,"minecells:explosive_bulb":1,"minecraft:map":7,"bewitchment:garlic":1,"minecells:metal_shards":4,"minecraft:orange_bed":1,"minecraft:string":3,"minecraft:bucket":2,"twigs:rhyolite":2,"ad_astra:astrodux":1,"minecraft:moss_carpet":3,"twigs:petrified_lichen":5,"minecraft:cocoa_beans":3,"promenade:sakura_log":18,"minecraft:tuff":28,"minecraft:clay_ball":28,"simplyswords:watcher_claymore":1,"minecraft:big_dripleaf":1,"minecraft:stone":1,"adventurez:orc_skin":2,"minecraft:andesite":6,"minecraft:oak_sapling":28,"croptopia:roe":4,"minecraft:spider_eye":1,"minecraft:bamboo":1,"minecells:health_flask":1,"handcrafted:hammer":4,"minecraft:bow":4,"minecraft:wooden_pickaxe":1,"spellbladenext:arcane_blade":1},"minecraft:killed":{"naturalist:zebra":1,"naturalist:rattlesnake":1,"minecraft:cave_spider":4,"minecraft:witch":1,"graveyard:skeleton_creeper":2,"minecraft:spider":8,"promenade:sunken_skeleton":2,"naturalist:boar":2,"creeperoverhaul:bamboo_creeper":3,"minecraft:skeleton":24,"derelict:spiderling":1,"friendsandfoes:glare":1,"minecraft:chicken":1,"creeperoverhaul:cave_creeper":1,"minecells:leaping_zombie":120,"minecells:protector":11,"minecells:grenadier":23,"minecraft:tropical_fish":1,"minecraft:parrot":1,"minecraft:pig":3,"minecraft:zombie_villager":4,"minecraft:creeper":7,"naturalist:rhino":1,"minecraft:sheep":5,"minecraft:pillager":2,"tinyskeletons:baby_skeleton":2,"minecraft:donkey":2,"minecraft:zombie":47,"minecells:shieldbearer":11,"minecells:inquisitor":1,"mutantmonsters:mutant_creeper":1,"naturalist:lion":5,"minecells:mutated_bat":21,"promenade:duck":1,"minecells:undead_archer":21,"bewitchment:ghost":1,"minecraft:horse":1,"naturalist:elephant":2,"vinery:mule":2,"spellbladenext:magister":4,"aqupd:caracal":1,"mythicmobs:chupacabra":1,"adventurez:orc":2,"naturalist:giraffe":2,"vinery:wandering_winemaker":1,"minecells:runner":22,"minecraft:squid":2,"promenade:lush_creeper":1,"mutantmonsters:creeper_minion":2,"creeperoverhaul:ocean_creeper":3,"mutantmonsters:mutant_zombie":1,"minecraft:player":5,"minecells:buzzcutter":5,"minecraft:enderman":3},"minecraft:mined":{"winterly:raw_cryomarble_shard":3,"create:deepslate_zinc_ore":78,"graveyard:tg_coarse_dirt":1,"minecells:putrid_fence":6,"minecraft:andesite_stairs":1,"minecraft:jungle_leaves":20,"indrev:deepslate_tungsten_ore":20,"minecraft:cave_vines_plant":1,"minecraft:granite":13,"minecraft:grass_block":17,"minecraft:jungle_log":44,"ad_astra_giselle_addon:fuel_loader":1,"ad_astra:compressor":2,"minecells:bloomrock_tiles":1,"archon:diamond_mana_catalyst":1,"minecraft:spawner":1,"minecraft:raw_iron_block":1,"minecraft:cobbled_deepslate":1,"techreborn:deepslate_lead_ore":116,"minecraft:moss_carpet":1,"minecraft:deepslate_lapis_ore":23,"create:asurine":6,"minecraft:dirt_path":1,"croptopia:kumquat_crop":24,"bewitchment:deepslate_salt_ore":4,"techreborn:deepslate_galena_ore":52,"minecraft:orange_bed":2,"botania:green_mystical_flower":1,"minecraft:deepslate_redstone_ore":52,"minecells:prison_bricks":1,"techreborn:deepslate_bauxite_ore":85,"lootr:lootr_chest":1,"modern_industrialization:deepslate_tungsten_ore":21,"soulsweapons:verglas_ore_deepslate":4,"things:gleaming_ore":1,"minecells:corpse":1,"minecraft:clay":6,"minecraft:torch":3,"promenade:blush_sakura_blossoms":3,"things:deepslate_gleaming_ore":1,"techreborn:deepslate_tin_ore":117,"minecraft:melon":21,"minecraft:poppy":1,"minecells:skeleton":4,"minecraft:chest":3,"create:scoria":6,"indrev:sulfur_crystal":8,"minecraft:cobblestone":5,"minecraft:sugar_cane":1,"botania:black_mystical_flower":2,"minecells:alchemy_equipment_2":3,"minecraft:wall_torch":3,"powah:deepslate_uraninite_ore_poor":38,"minecraft:deepslate_copper_ore":1,"modern_industrialization:deepslate_lignite_coal_ore":272,"modern_industrialization:deepslate_uranium_ore":38,"minecells:bloomrock":3,"paladins:monk_workbench":1,"minecraft:stone_brick_stairs":1,"minecraft:grass":41,"minecraft:oak_log":4,"archon:earth_node":4,"minecraft:sand":8,"minecraft:dirt":14,"twigs:rhyolite":3,"minecells:chain_pile":1,"minecells:bloomrock_wilted_grass_block":4,"minecraft:oak_leaves":71,"minecraft:deepslate":307,"powah:deepslate_uraninite_ore":9,"minecraft:tuff":41,"minecraft:deepslate_diamond_ore":18,"minecraft:candle":2,"powah:deepslate_uraninite_ore_dense":3,"promenade:vermilion_carpeted_grass_block":1,"minecells:putrid_trapdoor":1,"modern_industrialization:deepslate_antimony_ore":25,"minecraft:glow_lichen":2,"minecells:rotting_corpse":3,"indrev:deepslate_lead_ore":26,"techreborn:bauxite_ore":1,"minecraft:moss_block":22,"minecraft:redstone_ore":5,"graveyard:tg_moss_block":1,"techreborn:lead_ore":1,"runes:crafting_altar":1,"minecraft:andesite":6,"treechop:chopped_log":21,"indrev:deepslate_nikolite_ore":35,"minecells:hanged_rotting_corpse":1,"soulsweapons:moonstone_ore_deepslate":25,"modern_industrialization:deepslate_monazite_ore":2,"minecraft:deepslate_iron_ore":295,"minecraft:vine":22,"minecells:cage":1,"modern_industrialization:deepslate_nickel_ore":36,"regions_unexplored:medium_grass":7,"minecraft:bamboo":1,"minecraft:stone":275,"minecells:alchemy_equipment_1":2,"regions_unexplored:flowering_shrub":3,"croptopia:coconut_crop":2,"minecraft:podzol":1,"techreborn:deepslate_silver_ore":74,"regions_unexplored:pink_bioshroom":1,"mythicupgrades:jade_crystal_block":19,"minecraft:crafting_table":1,"ad_astra_giselle_addon:automation_nasa_workbench":1,"twigs:roseate_seashell":1,"mythicupgrades:deepslate_jade_ore":6,"twigs:petrified_lichen":2,"minecraft:copper_ore":65,"minecraft:tall_grass":2,"minecells:brittle_barrel":1,"minecells:alchemy_equipment_0":3,"minecraft:lapis_ore":13,"minecraft:deepslate_gold_ore":53,"regions_unexplored:daisy":1,"minecraft:diorite":5,"minecraft:big_dripleaf":1,"minecells:small_crate":1,"supplementaries:urn":14,"jewelry:deepslate_gem_vein":1,"minecraft:ice":14,"regions_unexplored:redwood_leaves":9,"minecraft:coal_ore":100,"minecraft:cocoa":4,"minecraft:gravel":3,"ad_astra:coal_generator":1,"minecraft:cobweb":7,"minecraft:gold_ore":4,"regions_unexplored:tassel":2,"minecraft:fern":10},"minecraft:used":{"fwaystones:waystone":2,"minecraft:moss_block":17,"croptopia:calamari":2,"minecraft:chest":30,"minecraft:shield":27,"minecraft:stone":1,"lootr:trophy":1,"minecraft:rotten_flesh":51,"simplyswords:diamond_twinblade":174,"ad_astra_giselle_addon:automation_nasa_workbench":2,"minecraft:jungle_planks":3,"minecraft:tuff":1,"minecraft:axolotl_bucket":1,"archon:mana_berries":1,"create:scoria":1,"minecells:broadsword":287,"minecraft:item_frame":2,"ad_astra:oxygen_loader":1,"minecells:balanced_blade":16,"croptopia:roe":2,"minecraft:gold_block":1,"ironchests:copper_chest":1,"simplyswords:gold_spear":1,"minecells:small_crate":1,"ad_astra:compressor":3,"minecraft:wooden_pickaxe":8,"spellbladenext:arcane_blade":5,"minecraft:diamond_axe":314,"minecraft:glow_berries":2,"minecraft:blast_furnace":1,"simplyswords:watcher_claymore":83,"regions_unexplored:redwood_log":3,"minecraft:melon_slice":94,"minecraft:bread":36,"ad_astra:launch_pad":7,"mythicmobs:chupacabra_raw_meat":1,"ad_astra:fuel_refinery":1,"minecraft:stone_sword":129,"minecraft:orange_bed":1,"minecraft:torch":84,"minecraft:anvil":1,"minecraft:dirt":7,"ad_astra:tier_1_rocket":1,"archon:soul_crusher":15,"minecraft:wooden_axe":59,"minecraft:jungle_log":3,"ad_astra_giselle_addon:fuel_loader":1,"minecells:guts":1,"archon:channeler":1,"minecraft:golden_carrot":1,"croptopia:kumquat":6,"ad_astra:coal_generator":2,"minecraft:cobbled_deepslate":99,"minecraft:water_bucket":5,"archon:diamond_mana_catalyst":1,"minecraft:baked_potato":1,"minecraft:cartography_table":1,"minecells:prison_bricks":1,"minecraft:salmon":1,"expandeddelight:sweet_potato":1,"minecraft:crafting_table":4,"paladins:monk_workbench":1,"ad_astra:nasa_workbench":1,"minecraft:diamond_pickaxe":2537,"minecraft:apple":13,"runes:crafting_altar":1,"ironchests:copper_chest_upgrade":1,"minecells:putrid_trapdoor":1,"simplyswords:livyatan":1068,"minecraft:cobblestone":176,"minecraft:potion":1,"minecraft:white_banner":1,"minecraft:bucket":27,"beachparty:rubber_ring_pelican":1},"minecraft:killed_by":{"mutantmonsters:mutant_creeper":1,"creeperoverhaul:ocean_creeper":2,"creeperoverhaul:jungle_creeper":1,"tinyskeletons:baby_skeleton":1},"minecraft:broken":{"minecraft:wooden_axe":1},"minecraft:custom":{"lootr:looted_stat":162,"minecraft:interact_with_crafting_table":110,"minecraft:bell_ring":2,"minecraft:leave_game":1,"minecraft:time_since_death":144006,"minecraft:damage_resisted":0,"minecraft:sprint_one_cm":1194288,"minecraft:damage_blocked_by_shield":688,"minecraft:drop":157,"minecraft:talked_to_villager":5,"minecraft:play_time":649393,"minecraft:deaths":6,"minecraft:interact_with_brewingstand":1,"minecraft:jump":6256,"minecraft:walk_on_water_one_cm":89842,"minecraft:interact_with_furnace":29,"minecraft:interact_with_cartography_table":2,"minecraft:sleep_in_bed":15,"minecraft:damage_dealt":72090,"minecraft:player_kills":5,"minecraft:crouch_one_cm":6257,"minecraft:interact_with_anvil":12,"minecraft:mob_kills":421,"minecraft:damage_dealt_resisted":1642,"minecraft:climb_one_cm":29651,"minecraft:walk_one_cm":1866384,"minecraft:target_hit":2,"minecraft:sneak_time":3513,"minecraft:walk_under_water_one_cm":49704,"minecraft:interact_with_blast_furnace":34,"minecraft:total_world_time":649393,"minecraft:interact_with_grindstone":1,"minecraft:hex":0,"minecraft:time_since_rest":85714,"minecraft:damage_taken":17850,"minecraft:swim_one_cm":56225,"minecraft:fly_one_cm":1279560,"minecraft:open_chest":422,"minecraft:threat":20,"minecraft:fall_one_cm":143941},"minecraft:picked_up":{"techreborn:deepslate_galena_ore":47,"techreborn:raw_tin":117,"minecraft:lead":2,"soulsweapons:moonstone":27,"croptopia:calamari":2,"minecraft:string":11,"minecraft:raw_copper":227,"simplyswords:diamond_twinblade":1,"minecraft:zombie_head":1,"promenade:sakura_log":18,"minecraft:cobbled_deepslate":262,"bosses_of_mass_destruction:soul_star":1,"modern_industrialization:raw_uranium":38,"minecraft:azalea":3,"minecraft:melon_slice":108,"regions_unexplored:redwood_log":175,"minecells:guts":42,"minecraft:stick":8,"minecraft:big_dripleaf":1,"minecraft:torch":39,"mythicupgrades:jade":6,"minecells:balanced_blade":1,"twigs:bamboo_leaves":5,"minecraft:porkchop":10,"minecraft:diorite":5,"minecells:putrid_fence":4,"paladins:monk_workbench":1,"regions_unexplored:daisy":1,"minecells:promenade_dimensional_rune":1,"mutantmonsters:hulk_hammer":1,"minecraft:orange_bed":2,"indrev:raw_lead":26,"minecraft:rotten_flesh":98,"minecraft:tropical_fish":3,"create:scoria":6,"supplementaries:antique_ink":2,"create:asurine":5,"supplementaries:ash":9,"minecells:small_crate":1,"adventurez:orc_skin":2,"minecraft:cod":2,"minecraft:cobblestone":340,"ad_astra:astrodux":1,"travelersbackpack:iron_golem":1,"minecraft:feather":1,"archon:glisteel_ingot":9,"minecraft:jungle_log":702,"minecraft:water_bucket":1,"minecraft:andesite":6,"regions_unexplored:flowering_shrub":3,"techreborn:tin_ingot":1,"minecraft:flint":1,"minecraft:tuff":32,"create:raw_zinc":77,"ad_astra:coal_generator":1,"minecraft:horn_coral":3,"minecraft:lapis_lazuli":195,"minecraft:dirt":33,"ad_astra_giselle_addon:automation_nasa_workbench":1,"travelersbackpack:bookshelf":1,"minecraft:bone":42,"ad_astra:compressor":2,"minecraft:bow":5,"minecraft:wheat_seeds":11,"ad_astra:launch_pad":5,"minecraft:raw_gold":56,"paladins:acolyte_wand":2,"twigs:twig":174,"minecraft:bamboo":17,"minecraft:moss_block":34,"croptopia:roe":6,"mythicupgrades:jade_crystal_block":19,"promenade:duck":1,"minecraft:axolotl_bucket":1,"techreborn:raw_lead":115,"minecraft:sand":8,"minecraft:jungle_planks":10,"handcrafted:hammer":2,"twigs:azalea_flowers":1,"minecraft:ink_sac":2,"winterly:cryomarble_shard":3,"minecells:metal_shards":6,"minecells:cudgel":1,"indrev:sulfur_crystal":20,"beachparty:rubber_ring_pelican":1,"minecells:putrid_trapdoor":1,"minecraft:diamond":18,"minecells:explosive_bulb":13,"minecraft:granite":13,"minecells:bloomrock":6,"soulsweapons:verglas":4,"minecraft:emerald":4,"indrev:nikolite_dust":156,"minecraft:oak_sapling":100,"twigs:rhyolite":1,"minecells:chain_pile":1,"ad_astra_giselle_addon:fuel_loader":1,"modern_industrialization:lignite_coal":268,"minecraft:cocoa_beans":13,"minecraft:crafting_table":1,"twigs:petrified_lichen":5,"things:gleaming_powder":2,"minecraft:chicken":1,"minecraft:clay_ball":28,"jewelry:citrine":1,"minecraft:leather_leggings":1,"runes:crafting_altar":1,"ad_astra:tier_1_rocket":1,"promenade:blush_sakura_sapling":3,"croptopia:kumquat":20,"minecraft:fire_coral":4,"minecraft:moss_carpet":5,"simplyswords:livyatan":1,"minecraft:item_frame":2,"twigs:opaline_seashell":1,"techreborn:raw_silver":73,"mythicmobs:chupacabra_raw_meat":1,"minecraft:cartography_table":1,"minecraft:candle":1,"minecraft:andesite_stairs":1,"minecells:vine_rune":1,"minecraft:iron_nugget":95,"minecraft:jungle_sapling":84,"croptopia:coconut":2,"minecraft:poppy":1,"minecraft:sugar_cane":2,"minecraft:chest":4,"spellbladenext:arcane_blade":2,"minecraft:egg":1,"minecraft:raw_iron":291,"minecells:monsters_eye":5,"minecells:arcane_goo":4,"fwaystones:waystone":2,"minecraft:redstone":220,"mutantmonsters:creeper_shard":1,"wizards:wizard_robe_head":1,"bewitchment:garlic":1,"minecraft:arrow":41,"archon:mana_catalyst":1,"botania:green_mystical_flower":1,"minecraft:glow_berries":4,"minecraft:mutton":8,"minecraft:rail":1,"minecraft:skeleton_skull":4,"minecraft:white_wool":36,"archon:diamond_mana_catalyst":2,"modern_industrialization:raw_antimony":25,"minecraft:salmon":3,"minecraft:leather":8,"ironchests:copper_chest":1,"archon:earth_essence":4,"minecraft:oak_log":83,"indrev:raw_tungsten":20,"minecraft:gunpowder":11,"minecells:cage":1,"regions_unexplored:tassel":2,"minecraft:white_banner":1,"botania:black_mystical_flower":2,"minecraft:apple":9,"minecraft:iron_ingot":2,"regions_unexplored:redwood_sapling":28,"minecells:prison_bricks":1,"beachparty:overgrown_disc":1,"techreborn:deepslate_bauxite_ore":84,"minecraft:acacia_sapling":1,"minecraft:book":3,"endrem:witch_pupil":1,"modern_industrialization:raw_tungsten":21,"minecells:monster_cell":112,"minecraft:raw_iron_block":1,"minecells:infected_flesh":38,"minecraft:gravel":1,"bewitchment:belladonna_seeds":2,"bewitchment:salt":6,"powah:uraninite_raw":68,"minecraft:spider_eye":2,"minecells:ramparts_dimensional_rune":1,"minecraft:leather_helmet":1,"modern_industrialization:monazite_dust":2,"modern_industrialization:raw_nickel":36,"minecraft:iron_helmet":1,"minecraft:gray_wool":2,"minecraft:baked_potato":1,"minecraft:black_wool":1,"minecraft:coal":96},"minecraft:crafted":{"paladins:priest_robe_head":1,"minecraft:smooth_stone":3,"minecraft:oak_planks":36,"ad_astra:launch_pad":2,"techreborn:steel_storage_block":5,"archon:soul_crusher":1,"minecraft:lightning_rod":2,"ad_astra:hammer":3,"minecraft:stone":34,"paladins:priest_robe_chest":1,"minecraft:lever":2,"ad_astra:oxygen_gear":2,"minecraft:glass":8,"minecraft:hopper":2,"minecraft:chest":29,"ad_astra:space_helmet":2,"ad_astra:oxygen_loader":1,"techreborn:steel_ingot":179,"paladins:holy_wand":1,"minecraft:diamond_axe":1,"minecraft:crafting_table":5,"minecraft:wooden_pickaxe":1,"travelersbackpack:standard":1,"minecraft:copper_ingot":70,"minecraft:gold_block":2,"paladins:iron_mace":1,"archon:scripture_table":1,"minecraft:diamond_pickaxe":1,"minecraft:stick":58,"minecraft:iron_ingot":164,"minecraft:iron_block":4,"minecraft:gold_ingot":11,"minecraft:redstone_torch":4,"things:monocle":1,"minecraft:shears":1,"minecraft:raw_iron":9,"ad_astra_giselle_addon:fuel_loader":1,"techreborn:steel_plate":97,"comforts:sleeping_bag_white":2,"minecraft:furnace":3,"minecraft:blast_furnace":1,"minecraft:piston":2,"create:iron_sheet":38,"paladins:wooden_great_hammer":1,"modern_industrialization:iron_rod":32,"minecraft:glass_pane":16,"ad_astra:compressor":1,"ad_astra:steel_tank":2,"ad_astra:oxygen_tank":7,"paladins:priest_robe_legs":1,"minecraft:redstone_block":5,"ad_astra:nasa_workbench":2,"ad_astra:space_pants":2,"ad_astra:rocket_nose_cone":1,"ironchests:copper_chest_upgrade":1,"ad_astra:steel_engine":1,"ad_astra:space_boots":2,"archon:channeler":1,"ad_astra:space_suit":2,"minecraft:bucket":7,"minecraft:air":0,"minecraft:jungle_planks":248,"ad_astra_giselle_addon:automation_nasa_workbench":1,"techreborn:refined_iron_ingot":2,"archon:grimoire":1,"regions_unexplored:redwood_planks":8,"ad_astra:astrodux":1,"minecraft:wooden_axe":1,"handcrafted:hammer":2,"ad_astra:engine_frame":1,"paladins:priest_robe_feet":1,"ad_astra:coal_generator":1,"minecraft:anvil":1,"ad_astra:engine_fan":2,"ad_astra:fuel_refinery":1,"minecraft:torch":92,"ad_astra:rocket_fin":4,"minecraft:lapis_block":1,"paladins:stone_claymore":1}},"DataVersion":3465}