{"stats":{"minecraft:dropped":{"botania:mana_spreader":2,"minecraft:wheat_seeds":10,"minecraft:ender_pearl":1,"minecraft:feather":7,"minecraft:cobblestone":194,"fwaystones:waystone":1,"regions_unexplored:yellow_lupine":3,"minecraft:granite":33,"minecraft:cracked_stone_bricks":1,"promenade:duck":1,"travelersbackpack:standard":1,"minecraft:flint":1,"bewitchment:aconite_seeds":1,"botania:endoflame":7,"minecraft:dirt":19,"botania:mana_pool":1,"botania:rune_earth":2,"minecraft:torch":1,"regions_unexplored:dusktrap":1,"travelersbackpack:enderman":1,"bewitchment:garlic":2,"minecraft:polished_andesite_stairs":1,"minecraft:smooth_sandstone_slab":2,"regions_unexplored:poppy_bush":4,"ae2:fluix_glass_cable":1,"minecraft:string":17,"minecraft:smooth_sandstone":1,"bewitchment:belladonna_seeds":1,"minecraft:bone":7,"minecraft:gravel":8,"botania:apothecary_livingrock":1,"minecraft:player_head":1,"minecraft:cooked_chicken":192,"minecraft:soul_lantern":1,"minecraft:rotten_flesh":17,"minecraft:iron_boots":1,"minecraft:diamond_sword":1,"minecraft:leather_chestplate":1,"botania:pure_daisy":8,"bewitchment:mandrake_seeds":1,"minecraft:gunpowder":10,"botania:lexicon":1,"minecraft:diamond_chestplate":2,"botania:monocle":1,"minecraft:dead_bubble_coral":3,"minecraft:mossy_stone_bricks":1,"bewitchment:ectoplasm":2,"minecraft:jungle_log":5,"botania:twig_wand":1,"minecraft:spider_eye":2,"minecraft:stone_bricks":11,"minecraft:arrow":18,"minecraft:bow":2,"regions_unexplored:silt_dirt":32,"botania:runic_altar":1,"botania:black_lotus":2,"botania:rune_water":2},"minecraft:killed":{"minecraft:cave_spider":2,"graveyard:skeleton_creeper":2,"promenade:duck":3,"minecraft:spider":8,"promenade:sunken_skeleton":1,"bewitchment:ghost":1,"minecraft:skeleton":36,"creeperoverhaul:jungle_creeper":1,"mythicmobs:chupacabra":1,"mythicmounts:geckotoalizard":2,"minecraft:pig":1,"minecraft:zombie_villager":1,"minecraft:creeper":7,"minecraft:sheep":7,"mutantmonsters:creeper_minion":1,"minecraft:zombie":25,"mutantmonsters:mutant_creeper":1,"minecraft:wither_skeleton":3,"minecraft:cow":1,"minecraft:enderman":1},"minecraft:used":{"ae2:energy_cell":2,"minecraft:stone_sword":33,"ae2:charger":2,"minecraft:tropical_fish":2,"minecraft:polished_basalt":3,"regions_unexplored:silt_grass_block":114,"minecraft:chest":2,"ae2:terminal":1,"minecraft:iron_sword":299,"vinery:jungle_grapes_red":2,"minecraft:player_head":2,"minecraft:rotten_flesh":27,"minecraft:torch":64,"minecraft:dirt":17,"minecraft:jungle_planks":1,"ae2:inscriber":2,"minecraft:dark_oak_planks":4,"farmersdelight:tomato":10,"spellbladenext:flaming_falchion":12,"ae2:vibration_chamber":1,"minecraft:spruce_wood":1,"minecraft:smooth_sandstone":16,"minecraft:bow":12,"minecraft:furnace":8,"spellbladenext:arcane_blade":116,"minecraft:sandstone":9,"minecraft:diamond_axe":105,"minecraft:salmon":7,"expandeddelight:sweet_potato":1,"paladins:diamond_mace":121,"minecraft:crafting_table":2,"minecraft:cod":4,"paladins:iron_kite_shield":18,"ae2:controller":2,"minecraft:oak_log":8,"minecraft:black_terracotta":4,"ae2:drive":2,"minecraft:diamond_pickaxe":1102,"minecraft:apple":5,"minecraft:bread":13,"minecraft:melon_slice":35,"minecraft:iron_pickaxe":336,"minecraft:stone_slab":1,"simplyswords:wickpiercer":583,"travelersbackpack:pumpkin":1,"ae2:fluix_glass_cable":7,"create:large_water_wheel":3,"mythicmobs:chupacabra_raw_meat":1,"minecraft:diamond_sword":177,"minecraft:cobblestone":2,"minecraft:azalea_leaves":13,"minecraft:porkchop":1,"regions_unexplored:silt_dirt":7},"minecraft:mined":{"minecraft:dark_oak_planks":2,"techreborn:sapphire_ore":22,"regions_unexplored:barley":1,"create:andesite_casing":8,"regions_unexplored:dropleaf_plant":1,"regions_unexplored:dusktrap":3,"minecraft:jungle_leaves":5,"regions_unexplored:dropleaf":7,"minecraft:granite":37,"minecraft:grass_block":2,"minecraft:jungle_planks":1,"create_new_age:thorium_ore":22,"modern_industrialization:lignite_coal_ore":148,"techreborn:bauxite_ore":31,"minecraft:sandstone":9,"minecraft:spawner":68,"techreborn:lead_ore":63,"minecraft:polished_basalt":3,"minecraft:iron_ore":40,"minecraft:andesite":94,"treechop:chopped_log":10,"minecraft:stripped_dark_oak_wood":1,"minecraft:dirt_path":1,"regions_unexplored:medium_grass":3,"minecraft:azalea_leaves":2,"minecraft:stone":335,"regions_unexplored:silt_grass_block":12,"minecraft:player_head":2,"minecraft:tripwire":1,"expandeddelight:wild_sweet_potatoes":1,"minecraft:soul_sand":1,"regions_unexplored:corpse_flower":3,"powah:uraninite_ore":2,"create_new_age:magnetite_block":11,"minecraft:clay":1,"minecraft:smooth_sandstone":1,"minecraft:torch":2,"regions_unexplored:silt_dirt":44,"minecraft:melon":8,"minecraft:polished_andesite_stairs":1,"modern_industrialization:nickel_ore":17,"minecraft:copper_ore":60,"minecraft:tall_grass":6,"minecraft:cobblestone":2,"minecraft:lapis_ore":3,"minecraft:diorite":52,"minecraft:wall_torch":6,"techreborn:tin_ore":61,"create:large_water_wheel":3,"techreborn:silver_ore":30,"bewitchment:elder_leaves":4,"regions_unexplored:sandy_tall_grass":2,"techreborn:ruby_ore":17,"modern_industrialization:antimony_ore":9,"regions_unexplored:sandy_grass":35,"minecraft:grass":3,"minecraft:coal_ore":124,"minecraft:oak_log":4,"techreborn:galena_ore":25,"minecraft:gravel":8,"minecraft:dirt":4,"minecraft:cobweb":16,"minecraft:cracked_stone_bricks":1,"minecraft:stone_bricks":13,"minecraft:mossy_stone_bricks":1,"minecraft:oak_leaves":4,"soulsweapons:verglas_ore":2,"create:zinc_ore":17},"minecraft:killed_by":{"minecraft:wither_skeleton":2,"mutantmonsters:mutant_skeleton":2,"mythicmobs:chupacabra":2,"minecraft:skeleton":7,"minecraft:zombie":1},"minecraft:broken":{"paladins:iron_kite_shield":1,"minecraft:iron_sword":1,"minecraft:iron_pickaxe":1},"minecraft:custom":{"lootr:looted_stat":80,"minecraft:mob_kills":114,"minecraft:interact_with_crafting_table":18,"minecraft:bell_ring":2,"minecraft:items_inserted":2678,"minecraft:damage_dealt_resisted":0,"minecraft:eat_cake_slice":4,"minecraft:time_since_death":80505,"minecraft:climb_one_cm":6578,"minecraft:damage_resisted":0,"minecraft:sprint_one_cm":747402,"minecraft:walk_one_cm":899560,"minecraft:damage_blocked_by_shield":3730,"minecraft:drop":87,"minecraft:talked_to_villager":1,"minecraft:play_time":283597,"minecraft:deaths":15,"minecraft:sneak_time":4510,"minecraft:walk_under_water_one_cm":5210,"minecraft:jump":3207,"minecraft:walk_on_water_one_cm":40386,"minecraft:total_world_time":283597,"minecraft:interact_with_furnace":15,"minecraft:items_extracted":215,"minecraft:hex":0,"minecraft:time_since_rest":80534,"minecraft:damage_taken":30072,"minecraft:damage_absorbed":2893,"minecraft:damage_dealt":38130,"minecraft:swim_one_cm":13130,"minecraft:fly_one_cm":1600771,"minecraft:open_chest":13,"minecraft:crouch_one_cm":5773,"minecraft:fall_one_cm":68587},"minecraft:picked_up":{"regions_unexplored:small_oak_log":12,"techreborn:raw_tin":61,"modern_industrialization:lignite_coal":148,"create_new_age:thorium":64,"minecraft:stone_slab":1,"regions_unexplored:silt_dirt":88,"minecraft:raw_copper":201,"minecraft:string":25,"regions_unexplored:poppy_bush":4,"techreborn:galena_ore":25,"techreborn:raw_silver":29,"minecraft:cracked_stone_bricks":1,"mythicmobs:chupacabra_raw_meat":1,"bosses_of_mass_destruction:soul_star":1,"twigs:pebble":3,"minecraft:beef":1,"minecraft:player_head":4,"minecraft:jungle_sapling":2,"minecraft:iron_pickaxe":1,"minecraft:melon_slice":35,"minecraft:raw_iron":40,"minecraft:stick":8,"minecraft:sandstone":9,"regions_unexplored:corpse_flower":3,"minecraft:torch":8,"create:andesite_casing":8,"techreborn:ruby_gem":23,"minecraft:porkchop":1,"fwaystones:waystone":1,"minecraft:diorite":52,"minecraft:dark_oak_planks":4,"minecraft:smooth_sandstone_slab":2,"regions_unexplored:dusktrap":1,"bewitchment:garlic":2,"minecraft:arrow":33,"minecraft:rotten_flesh":36,"minecraft:diamond_chestplate":1,"minecraft:polished_basalt":3,"minecraft:stripped_dark_oak_wood":1,"minecraft:mutton":11,"minecraft:white_wool":5,"minecraft:cobblestone":219,"modern_industrialization:raw_antimony":9,"minecraft:leather_chestplate":1,"minecraft:feather":7,"minecraft:andesite":94,"minecraft:jungle_log":5,"minecraft:leather":1,"minecraft:flint":1,"create:raw_zinc":17,"minecraft:oak_log":107,"minecraft:gunpowder":10,"expandeddelight:sweet_potato":1,"bewitchment:aconite_seeds":1,"minecraft:lapis_lazuli":22,"farmersdelight:tomato":10,"minecraft:dirt":34,"regions_unexplored:small_oak_sapling":5,"minecraft:bone":30,"minecraft:smooth_sandstone":17,"minecraft:apple":5,"minecraft:stone_bricks":11,"minecraft:bow":1,"minecraft:wheat_seeds":10,"create_new_age:magnetite_block":11,"minecraft:spruce_wood":1,"bewitchment:mandrake_seeds":1,"minecraft:mossy_stone_bricks":1,"regions_unexplored:dropleaf":3,"twigs:twig":40,"regions_unexplored:yellow_lupine":3,"minecraft:dark_oak_stairs":1,"minecraft:polished_andesite_stairs":1,"create:large_water_wheel":3,"minecraft:dark_oak_slab":2,"minecraft:black_terracotta":4,"promenade:duck":4,"minecraft:gravel":8,"techreborn:raw_lead":63,"minecraft:jungle_planks":1,"bewitchment:belladonna_seeds":1,"powah:uraninite_raw":4,"techreborn:red_garnet_gem":10,"techreborn:sapphire_gem":33,"minecraft:spider_eye":3,"minecraft:dead_bubble_coral":3,"techreborn:bauxite_ore":31,"techreborn:peridot_gem":9,"paladins:paladin_armor_feet":1,"vinery:jungle_grapes_red":2,"modern_industrialization:raw_nickel":17,"minecraft:granite":33,"travelersbackpack:pumpkin":1,"minecraft:gray_wool":2,"soulsweapons:verglas":2,"bewitchment:ectoplasm":2,"minecraft:oak_sapling":66,"minecraft:coal":125,"ae2:item_storage_cell_1k":2,"minecraft:ender_pearl":1},"minecraft:crafted":{"minecraft:oak_planks":60,"minecraft:iron_nugget":81,"minecraft:furnace":8,"techreborn:lead_ingot":63,"techreborn:tin_ingot":61,"create:millstone":1,"minecraft:chest":2,"minecraft:dark_oak_planks":4,"create:cogwheel":1,"create:windmill_bearing":1,"minecraft:cooked_beef":1,"minecraft:oak_slab":6,"create:andesite_alloy":40,"create:hand_crank":1,"minecraft:diamond_sword":1,"minecraft:cooked_porkchop":1,"minecraft:diamond_axe":1,"minecraft:crafting_table":2,"create:large_water_wheel":1,"minecraft:copper_ingot":64,"minecraft:air":0,"create:water_wheel":1,"minecraft:diamond_pickaxe":1,"minecraft:stick":20,"minecraft:iron_ingot":40,"create:mechanical_drill":1,"create:shaft":8,"minecraft:torch":48}},"DataVersion":3465}