{"stats":{"minecraft:dropped":{"minecraft:jungle_log":5,"travelersbackpack:enderman":1,"minecraft:smooth_sandstone":1},"minecraft:killed":{"minecraft:skeleton":22,"minecraft:zombie":11,"minecraft:spider":2,"mythicmobs:chupacabra":1,"mythicmounts:geckotoalizard":1,"bewitchment:ghost":1},"minecraft:used":{"minecraft:dark_oak_planks":4,"minecraft:stone_sword":33,"spellbladenext:flaming_falchion":12,"minecraft:bread":12,"minecraft:smooth_sandstone":1,"minecraft:iron_pickaxe":60,"minecraft:polished_basalt":3,"spellbladenext:arcane_blade":116,"minecraft:sandstone":9,"minecraft:iron_sword":299,"vinery:jungle_grapes_red":2,"minecraft:rotten_flesh":16,"mythicmobs:chupacabra_raw_meat":1,"minecraft:diamond_sword":177,"minecraft:bow":12,"minecraft:azalea_leaves":13,"minecraft:crafting_table":1,"paladins:iron_kite_shield":18},"minecraft:mined":{"minecraft:dark_oak_planks":2,"minecraft:polished_basalt":3,"minecraft:jungle_leaves":3,"treechop:chopped_log":1,"minecraft:stripped_dark_oak_wood":1,"minecraft:azalea_leaves":2,"minecraft:sandstone":9,"minecraft:oak_leaves":1,"minecraft:spawner":37},"minecraft:killed_by":{"minecraft:skeleton":6,"minecraft:zombie":1},"minecraft:broken":{"paladins:iron_kite_shield":1,"minecraft:iron_sword":1},"minecraft:custom":{"minecraft:time_since_rest":12933,"lootr:looted_stat":32,"minecraft:sprint_one_cm":267709,"minecraft:walk_one_cm":225853,"minecraft:damage_taken":12423,"minecraft:damage_absorbed":1817,"minecraft:damage_blocked_by_shield":3730,"minecraft:mob_kills":46,"minecraft:drop":3,"minecraft:damage_dealt":11857,"minecraft:interact_with_crafting_table":1,"minecraft:fly_one_cm":816648,"minecraft:crouch_one_cm":4153,"minecraft:play_time":85376,"minecraft:deaths":7,"minecraft:sneak_time":3528,"minecraft:walk_under_water_one_cm":2830,"minecraft:jump":807,"minecraft:damage_dealt_resisted":0,"minecraft:eat_cake_slice":4,"minecraft:damage_resisted":0,"minecraft:walk_on_water_one_cm":26271,"minecraft:time_since_death":12906,"minecraft:climb_one_cm":1817,"minecraft:total_world_time":85376,"minecraft:hex":0,"minecraft:fall_one_cm":13629},"minecraft:picked_up":{"minecraft:dark_oak_slab":2,"minecraft:sandstone":9,"minecraft:jungle_log":5,"minecraft:spider_eye":1,"minecraft:string":1,"minecraft:dark_oak_planks":4,"paladins:paladin_armor_feet":1,"minecraft:smooth_sandstone":2,"minecraft:bone":14,"minecraft:arrow":20,"minecraft:rotten_flesh":17,"vinery:jungle_grapes_red":2,"mythicmobs:chupacabra_raw_meat":1,"minecraft:polished_basalt":3,"minecraft:stripped_dark_oak_wood":1,"minecraft:player_head":1,"minecraft:jungle_sapling":2,"minecraft:iron_pickaxe":1,"bewitchment:ectoplasm":2,"twigs:twig":2},"minecraft:crafted":{"minecraft:diamond_sword":1,"minecraft:crafting_table":1,"minecraft:stick":4,"minecraft:dark_oak_planks":4}},"DataVersion":3465}