{"stats":{"minecraft:dropped":{"botania:mana_spreader":2,"minecraft:dead_horn_coral":1,"minecraft:ender_pearl":1,"minecraft:crossbow":2,"ae2:quartz_fiber":1,"fwaystones:waystone":1,"minecraft:cracked_stone_bricks":1,"regions_unexplored:dorcel":1,"promenade:duck":1,"travelersbackpack:standard":1,"minecraft:flint":3,"bewitchment:aconite_seeds":1,"twigs:pebble":20,"botania:endoflame":7,"minecraft:dirt":23,"botania:rune_earth":2,"regions_unexplored:brimsprout":4,"minecraft:wooden_sword":1,"bewitchment:belladonna_seeds":1,"minecraft:bone":11,"minecraft:gravel":42,"botania:apothecary_livingrock":1,"minecraft:blackstone":1,"minecraft:cooked_chicken":192,"minecraft:cobbled_deepslate":278,"minecraft:obsidian":2,"minecraft:soul_lantern":1,"minecraft:rotten_flesh":17,"ae2:charged_certus_quartz_crystal":28,"supplementaries:flax_seeds":2,"minecraft:leather_chestplate":1,"minecraft:gunpowder":13,"minecraft:jungle_log":5,"modern_industrialization:lignite_coal":1,"minecraft:basalt":1,"minecraft:arrow":20,"minecraft:quartz":20,"botania:rune_water":2,"botania:black_lotus":2,"mythicupgrades:sapphire_crystal_block":2,"minecraft:netherrack":94,"minecraft:splash_potion":1,"minecraft:stripped_spruce_log":1,"regions_unexplored:corpse_flower":1,"minecraft:wheat_seeds":13,"minecraft:feather":7,"minecraft:cobblestone":285,"regions_unexplored:yellow_lupine":3,"minecraft:granite":162,"minecraft:copper_ingot":58,"minecraft:stick":1,"botania:mana_pool":1,"minecraft:torch":1,"regions_unexplored:dusktrap":2,"travelersbackpack:enderman":1,"bewitchment:garlic":2,"minecraft:polished_andesite_stairs":1,"minecraft:smooth_sandstone_slab":2,"regions_unexplored:poppy_bush":4,"ae2:fluix_glass_cable":1,"minecraft:string":17,"minecraft:smooth_sandstone":1,"minecraft:redstone":14,"twigs:rhyolite":44,"minecraft:moss_carpet":5,"minecraft:player_head":1,"minecraft:tuff":5,"ae2:annihilation_core":1,"minecraft:iron_boots":1,"minecraft:clay_ball":8,"ae2:energy_acceptor":2,"minecraft:diamond_sword":1,"botania:pure_daisy":8,"bewitchment:mandrake_seeds":1,"botania:lexicon":1,"minecraft:diamond_chestplate":2,"botania:monocle":1,"create:zinc_ingot":37,"minecraft:dead_bubble_coral":3,"minecraft:andesite":2,"bewitchment:ectoplasm":2,"minecraft:mossy_stone_bricks":1,"botania:twig_wand":1,"minecraft:golden_sword":1,"minecraft:spider_eye":6,"minecraft:stone_bricks":11,"minecraft:bow":2,"regions_unexplored:silt_dirt":54,"botania:runic_altar":1},"minecraft:killed":{"minecraft:cave_spider":2,"minecraft:witch":1,"graveyard:skeleton_creeper":2,"minecraft:spider":10,"promenade:sunken_skeleton":2,"betternether:firefly":3,"minecraft:skeleton":41,"creeperoverhaul:jungle_creeper":1,"minecraft:piglin":13,"minecraft:pig":1,"minecraft:zombie_villager":1,"minecraft:creeper":14,"minecraft:sheep":8,"tinyskeletons:baby_skeleton":1,"minecraft:zombie":42,"mutantmonsters:mutant_creeper":1,"minecraft:cow":1,"graveyard:nightmare":3,"promenade:duck":3,"bewitchment:ghost":1,"vinery:mule":2,"mythicmobs:chupacabra":1,"mythicmounts:geckotoalizard":2,"betternether:naga":2,"vinery:wandering_winemaker":1,"graveyard:ghoul":1,"minecraft:hoglin":12,"mutantmonsters:creeper_minion":1,"minecraft:wither_skeleton":3,"minecraft:enderman":2},"minecraft:used":{"create:deployer":8,"ae2:charger":2,"minecraft:polished_basalt":3,"create:portable_storage_interface":2,"minecraft:chest":13,"ae2:terminal":1,"minecraft:iron_sword":299,"minecraft:rotten_flesh":27,"minecraft:player_head":2,"create:mechanical_bearing":4,"ae2:import_bus":1,"create:white_sail":9,"create:cogwheel":2,"minecraft:jungle_planks":1,"create:depot":3,"minecraft:axolotl_bucket":1,"minecraft:obsidian":10,"minecraft:lava_bucket":1,"farmersdelight:tomato":10,"ae2:vibration_chamber":1,"minecraft:spruce_wood":1,"create:andesite_funnel":2,"minecraft:bow":12,"minecraft:oak_sapling":2,"minecraft:cooked_cod":11,"minecraft:furnace":9,"minecraft:diorite":7,"minecraft:oak_planks":3,"minecraft:sugar_cane":10,"spellbladenext:arcane_blade":116,"minecraft:sandstone":9,"minecraft:diamond_axe":215,"create:mechanical_saw":8,"minecraft:sand":9,"paladins:iron_kite_shield":18,"ae2:controller":2,"minecraft:black_terracotta":4,"ae2:drive":2,"minecraft:melon_slice":35,"minecraft:bread":13,"travelersbackpack:pumpkin":1,"create:andesite_casing":7,"minecraft:gravel":10,"mythicmobs:chupacabra_raw_meat":1,"minecraft:diamond_sword":177,"create:basin":1,"ae2:energy_cell":2,"minecraft:stone_sword":33,"minecraft:flint_and_steel":2,"minecraft:tropical_fish":4,"techreborn:iron_furnace":2,"ae2:export_bus":1,"regions_unexplored:silt_grass_block":114,"vinery:jungle_grapes_red":2,"minecraft:netherrack":2,"minecraft:dirt":131,"minecraft:torch":71,"create:mechanical_mixer":1,"minecraft:hopper":2,"ae2:inscriber":6,"minecraft:granite":4,"create:chute":3,"minecraft:dark_oak_planks":4,"create:wrench":58,"spellbladenext:flaming_falchion":12,"minecraft:smooth_sandstone":16,"minecraft:cooked_beef":1,"minecraft:cobbled_deepslate":2,"ae2:chest":1,"minecraft:cooked_mutton":13,"betterend:charcoal_block":1,"alloy_forgery:deepslate_bricks_forge_controller":1,"minecraft:water_bucket":6,"create:empty_blaze_burner":1,"minecraft:deepslate_bricks":1,"create:blaze_burner":2,"minecraft:salmon":7,"expandeddelight:sweet_potato":1,"paladins:diamond_mace":121,"minecraft:crafting_table":3,"minecraft:cod":4,"create:filter":6,"minecraft:oak_log":24,"minecraft:diamond_pickaxe":3207,"minecraft:apple":7,"minecraft:diamond_shovel":91,"create:mechanical_press":1,"create:windmill_bearing":2,"minecraft:iron_pickaxe":336,"create:water_wheel":3,"minecraft:stone_slab":1,"simplyswords:wickpiercer":1031,"ae2:fluix_glass_cable":71,"create:large_water_wheel":6,"minecraft:cobblestone":11,"minecraft:azalea_leaves":13,"minecraft:porkchop":1,"minecraft:cooked_porkchop":1,"minecraft:bucket":9,"create:hand_crank":5,"regions_unexplored:silt_dirt":14},"minecraft:mined":{"minecraft:dark_oak_planks":2,"techreborn:iron_furnace":1,"create:deepslate_zinc_ore":1,"minecraft:oak_sapling":5,"regions_unexplored:brimsprout":4,"create:andesite_casing":21,"minecraft:jungle_leaves":5,"indrev:deepslate_tungsten_ore":6,"minecraft:obsidian":12,"minecraft:granite":129,"regions_unexplored:dropleaf":7,"minecraft:grass_block":25,"modern_industrialization:lignite_coal_ore":168,"minecraft:deepslate_bricks":1,"minecraft:hopper":1,"betternether:cincinnasite_ore":5,"minecraft:spawner":71,"minecraft:magma_block":27,"modern_industrialization:tungsten_ore":4,"minecraft:iron_ore":46,"minecraft:fire":4,"minecraft:cobbled_deepslate":1,"techreborn:deepslate_lead_ore":17,"minecraft:deepslate_lapis_ore":21,"minecraft:stripped_dark_oak_wood":1,"minecraft:dirt_path":1,"regions_unexplored:dorcel":2,"minecraft:azalea_leaves":2,"regions_unexplored:silt_grass_block":26,"minecraft:player_head":2,"minecraft:tripwire":1,"minecraft:deepslate_redstone_ore":28,"techreborn:deepslate_bauxite_ore":4,"betternether:eyeball":1,"modern_industrialization:deepslate_tungsten_ore":1,"minecraft:blackstone":1,"minecraft:kelp_plant":1,"soulsweapons:verglas_ore_deepslate":5,"betterend:charcoal_block":1,"regions_unexplored:corpse_flower":4,"powah:uraninite_ore":2,"mythicupgrades:sapphire_crystal_block":2,"minecraft:clay":26,"soulsweapons:moonstone_ore":1,"minecraft:torch":2,"indrev:nikolite_ore":1,"techreborn:deepslate_tin_ore":3,"minecraft:calcite":2,"minecraft:polished_andesite_stairs":1,"minecraft:melon":8,"minecraft:chest":5,"minecraft:nether_quartz_ore":69,"minecraft:cobblestone":4,"minecraft:oak_planks":1,"minecraft:sugar_cane":2,"minecraft:wall_torch":12,"powah:deepslate_uraninite_ore_poor":19,"create:large_water_wheel":3,"modern_industrialization:deepslate_lignite_coal_ore":135,"modern_industrialization:deepslate_uranium_ore":14,"minecraft:seagrass":1,"minecraft:warped_nylium":2,"techreborn:silver_ore":34,"regions_unexplored:sandy_tall_grass":3,"minecraft:grass":10,"minecraft:oak_log":7,"techreborn:galena_ore":36,"archon:earth_node":5,"minecraft:sand":62,"minecraft:dirt":142,"twigs:rhyolite":44,"minecraft:netherrack":289,"minecraft:oak_leaves":4,"minecraft:deepslate":545,"soulsweapons:verglas_ore":2,"techreborn:rubber_sapling":1,"create:zinc_ore":17,"techreborn:sapphire_ore":22,"powah:deepslate_uraninite_ore":3,"minecraft:tuff":9,"regions_unexplored:barley":1,"minecraft:deepslate_diamond_ore":1,"powah:deepslate_uraninite_ore_dense":2,"regions_unexplored:dropleaf_plant":1,"regions_unexplored:dusktrap":4,"modern_industrialization:deepslate_antimony_ore":1,"minecraft:jungle_planks":1,"create_new_age:thorium_ore":22,"create:depot":2,"indrev:deepslate_lead_ore":2,"techreborn:bauxite_ore":31,"minecraft:sandstone":9,"regions_unexplored:argillite":1,"minecraft:redstone_ore":9,"minecraft:furnace":3,"techreborn:lead_ore":74,"minecraft:polished_basalt":3,"minecraft:andesite":97,"treechop:chopped_log":16,"indrev:deepslate_nikolite_ore":23,"soulsweapons:moonstone_ore_deepslate":15,"minecraft:deepslate_iron_ore":32,"create:chute":2,"betternether:nether_lapis_ore":2,"regions_unexplored:medium_grass":12,"minecraft:stone":704,"regions_unexplored:brimsprout_nylium":5,"expandeddelight:wild_sweet_potatoes":1,"techreborn:deepslate_silver_ore":2,"minecraft:soul_sand":1,"minecraft:basalt":1,"create_new_age:magnetite_block":14,"minecraft:smooth_sandstone":1,"betternether:eyeball_small":1,"regions_unexplored:silt_dirt":77,"modern_industrialization:nickel_ore":17,"minecraft:copper_ore":76,"minecraft:tall_grass":27,"minecraft:lapis_ore":3,"minecraft:deepslate_gold_ore":29,"minecraft:diorite":98,"techreborn:tin_ore":62,"supplementaries:urn":9,"create:blaze_burner":1,"jewelry:deepslate_gem_vein":5,"bewitchment:elder_leaves":4,"techreborn:ruby_ore":17,"modern_industrialization:antimony_ore":9,"regions_unexplored:sandy_grass":50,"minecraft:coal_ore":144,"minecraft:gravel":54,"minecraft:cobweb":16,"minecraft:cracked_stone_bricks":1,"minecraft:stone_bricks":13,"create:andesite_funnel":2,"minecraft:mossy_stone_bricks":1,"ae2:cable_bus":1},"minecraft:killed_by":{"minecraft:wither_skeleton":2,"mythicmobs:chupacabra":2,"minecraft:zombie":1,"mutantmonsters:mutant_skeleton":2,"minecraft:skeleton":7},"minecraft:broken":{"paladins:iron_kite_shield":1,"minecraft:diamond_pickaxe":1,"minecraft:iron_sword":1,"minecraft:iron_pickaxe":1},"minecraft:custom":{"lootr:looted_stat":94,"minecraft:interact_with_crafting_table":80,"minecraft:bell_ring":2,"minecraft:eat_cake_slice":4,"minecraft:leave_game":4,"minecraft:time_since_death":165635,"minecraft:damage_resisted":0,"minecraft:sprint_one_cm":1068281,"minecraft:damage_blocked_by_shield":3730,"minecraft:drop":201,"minecraft:talked_to_villager":3,"minecraft:play_time":568788,"minecraft:deaths":16,"minecraft:jump":5479,"minecraft:walk_on_water_one_cm":62479,"minecraft:interact_with_furnace":69,"minecraft:sleep_in_bed":5,"minecraft:damage_dealt":63252,"minecraft:crouch_one_cm":8662,"minecraft:mob_kills":189,"minecraft:inspect_hopper":31,"minecraft:items_inserted":5258,"minecraft:damage_dealt_resisted":0,"minecraft:climb_one_cm":6785,"minecraft:walk_one_cm":1599750,"minecraft:sneak_time":6561,"minecraft:walk_under_water_one_cm":10198,"minecraft:total_world_time":568788,"minecraft:items_extracted":1406,"minecraft:hex":0,"minecraft:time_since_rest":25184,"minecraft:damage_taken":33092,"minecraft:damage_absorbed":4092,"minecraft:swim_one_cm":13776,"minecraft:fly_one_cm":2169920,"minecraft:open_chest":140,"minecraft:fall_one_cm":90458},"minecraft:picked_up":{"regions_unexplored:small_oak_log":12,"techreborn:raw_tin":65,"minecraft:stone_slab":1,"techreborn:iron_furnace":1,"minecraft:lead":2,"regions_unexplored:silt_dirt":143,"regions_unexplored:brimsprout":4,"soulsweapons:moonstone":15,"ae2:energy_acceptor":1,"minecraft:golden_sword":1,"minecraft:string":25,"minecraft:raw_copper":254,"techreborn:galena_ore":36,"create:andesite_funnel":2,"minecraft:gold_nugget":23,"minecraft:cobbled_deepslate":245,"bosses_of_mass_destruction:soul_star":1,"twigs:pebble":23,"modern_industrialization:raw_uranium":14,"minecraft:calcite":5,"techreborn:rubber_log":17,"minecraft:iron_pickaxe":1,"minecraft:melon_slice":35,"minecraft:furnace":3,"minecraft:stick":9,"regions_unexplored:corpse_flower":4,"minecraft:torch":15,"create:andesite_casing":21,"minecraft:porkchop":26,"minecraft:diorite":98,"betternether:cincinnasite":13,"betternether:lapis_pile":11,"minecraft:rotten_flesh":38,"minecraft:polished_basalt":3,"supplementaries:antique_ink":3,"minecraft:obsidian":12,"minecraft:cobblestone":596,"minecraft:magma_block":13,"minecraft:leather_chestplate":1,"minecraft:feather":7,"minecraft:andesite":95,"minecraft:jungle_log":5,"minecraft:flint":4,"minecraft:tuff":5,"create:raw_zinc":17,"supplementaries:flax_seeds":2,"minecraft:wither_skeleton_skull":1,"ae2:charged_certus_quartz_crystal":24,"minecraft:lapis_lazuli":152,"farmersdelight:tomato":10,"minecraft:dirt":193,"minecraft:bone":63,"minecraft:bow":1,"minecraft:wheat_seeds":13,"minecraft:raw_gold":29,"create_new_age:magnetite_block":14,"ae2:fluix_glass_cable":1,"minecraft:mossy_stone_bricks":1,"minecraft:glowstone_dust":4,"twigs:twig":69,"regions_unexplored:dropleaf":3,"minecraft:oak_planks":1,"minecraft:black_terracotta":4,"promenade:duck":4,"ae2:certus_quartz_crystal":5,"techreborn:raw_lead":91,"minecraft:sand":60,"minecraft:jungle_planks":1,"techreborn:sapphire_gem":33,"techreborn:rubber_sapling":15,"techreborn:red_garnet_gem":10,"techreborn:bauxite_ore":31,"techreborn:peridot_gem":9,"vinery:jungle_grapes_red":2,"minecraft:diamond":1,"minecraft:crossbow":2,"minecraft:granite":125,"soulsweapons:verglas":7,"minecraft:emerald":5,"bewitchment:ectoplasm":2,"indrev:nikolite_dust":110,"minecraft:oak_sapling":85,"twigs:rhyolite":44,"minecraft:netherrack":287,"minecraft:charcoal":6,"modern_industrialization:lignite_coal":288,"create_new_age:thorium":64,"minecraft:clay_ball":64,"minecraft:moss_carpet":4,"regions_unexplored:poppy_bush":4,"minecraft:wooden_sword":1,"ae2:annihilation_core":1,"create:chute":2,"minecraft:blackstone":1,"graveyard:corruption":8,"techreborn:raw_silver":35,"minecraft:cracked_stone_bricks":1,"mythicmobs:chupacabra_raw_meat":1,"minecraft:beef":1,"minecraft:player_head":4,"minecraft:jungle_sapling":2,"minecraft:iron_nugget":53,"minecraft:light_gray_wool":1,"minecraft:sugar_cane":16,"minecraft:chest":5,"minecraft:raw_iron":78,"minecraft:sandstone":9,"jewelry:jade":1,"techreborn:ruby_gem":23,"fwaystones:waystone":1,"minecraft:redstone":162,"create:zinc_ingot":1,"minecraft:dark_oak_planks":4,"regions_unexplored:silt_grass_block":1,"minecraft:smooth_sandstone_slab":2,"regions_unexplored:dusktrap":2,"bewitchment:garlic":2,"minecraft:arrow":57,"minecraft:diamond_chestplate":1,"jewelry:ruby":1,"minecraft:deepslate_bricks":1,"ae2:quartz_fiber":1,"minecraft:stripped_dark_oak_wood":1,"create:depot":2,"minecraft:mutton":13,"minecraft:skeleton_skull":2,"minecraft:white_wool":5,"regions_unexplored:dorcel":1,"modern_industrialization:raw_antimony":10,"minecraft:basalt":1,"minecraft:leather":5,"ae2:fluix_crystal":28,"archon:earth_essence":5,"minecraft:oak_log":325,"indrev:raw_tungsten":6,"minecraft:gunpowder":13,"create:blaze_burner":1,"bewitchment:aconite_seeds":1,"expandeddelight:sweet_potato":1,"regions_unexplored:small_oak_sapling":5,"jewelry:tanzanite":2,"minecraft:smooth_sandstone":17,"minecraft:apple":5,"minecraft:stone_bricks":11,"minecraft:kelp":2,"bewitchment:mandrake_seeds":1,"minecraft:spruce_wood":1,"regions_unexplored:yellow_lupine":3,"minecraft:dark_oak_stairs":1,"minecraft:dead_horn_coral":1,"minecraft:polished_andesite_stairs":1,"jewelry:topaz":1,"minecraft:dark_oak_slab":2,"modern_industrialization:raw_tungsten":5,"create:large_water_wheel":3,"minecraft:quartz":75,"minecraft:gravel":52,"bewitchment:belladonna_seeds":1,"minecraft:amethyst_shard":5,"powah:uraninite_raw":36,"minecraft:spider_eye":7,"minecraft:dead_bubble_coral":3,"paladins:paladin_armor_feet":1,"modern_industrialization:raw_nickel":17,"betterend:charcoal_block":7,"travelersbackpack:pumpkin":1,"minecraft:gray_wool":2,"mythicupgrades:sapphire_crystal_block":2,"minecraft:coal":146,"ae2:item_storage_cell_1k":2,"minecraft:hopper":1,"minecraft:ender_pearl":2},"minecraft:crafted":{"minecraft:smooth_stone":3,"minecraft:oak_planks":160,"minecraft:stone":3,"create:mechanical_bearing":1,"create:deployer":4,"minecraft:cooked_mutton":13,"techreborn:lead_ingot":63,"minecraft:hopper":2,"create:andesite_funnel":2,"create:mechanical_press":1,"minecraft:chest":10,"create:cogwheel":8,"create:brass_hand":4,"minecraft:oak_slab":12,"create:depot":2,"create:rose_quartz":4,"minecraft:cooked_porkchop":1,"minecraft:diamond_axe":1,"minecraft:crafting_table":3,"create:mechanical_saw":4,"promenade:cooked_duck":3,"minecraft:copper_ingot":142,"create:sand_paper":1,"create:mechanical_mixer":1,"create:gearbox":1,"create:water_wheel":2,"minecraft:paper":6,"minecraft:diamond_pickaxe":2,"minecraft:charcoal":150,"create:super_glue":1,"create:portable_storage_interface":2,"minecraft:stick":32,"minecraft:iron_ingot":78,"minecraft:iron_block":1,"ae2:export_bus":1,"minecraft:deepslate_bricks":12,"create:empty_blaze_burner":1,"create:chute":8,"create:wrench":1,"minecraft:iron_nugget":117,"create:white_sail":8,"ae2:formation_core":2,"ae2:annihilation_core":2,"minecraft:furnace":8,"minecraft:blast_furnace":1,"minecraft:flint_and_steel":1,"minecraft:polished_deepslate":16,"betterend:charcoal_block":16,"techreborn:tin_ingot":61,"create:millstone":1,"create:basin":1,"create:electron_tube":4,"minecraft:dark_oak_planks":4,"create:filter":1,"create:windmill_bearing":1,"ae2:inscriber":4,"minecraft:cooked_beef":1,"techreborn:iron_furnace":1,"minecraft:cooked_cod":15,"create:andesite_alloy":78,"create:hand_crank":1,"minecraft:diamond_sword":1,"ae2:import_bus":1,"minecraft:dried_kelp":2,"create:large_water_wheel":1,"alloy_forgery:deepslate_bricks_forge_controller":1,"ae2:smooth_sky_stone_block":64,"ae2:silicon":5,"minecraft:bucket":3,"minecraft:air":0,"create:whisk":1,"create:mechanical_drill":1,"create:shaft":16,"minecraft:torch":48,"create:zinc_ingot":17}},"DataVersion":3465}