{"stats":{"minecraft:dropped":{"minecraft:candle":1,"minecraft:moss_block":13,"minecraft:lapis_lazuli":1,"minecraft:glass_bottle":1,"minecraft:diamond":6,"botania:black_mystical_flower":2,"minecraft:glow_berries":2,"minecraft:jungle_planks":11,"travelersbackpack:standard":1,"minecraft:leather_helmet":2,"regions_unexplored:flowering_shrub":3,"minecraft:flint":1,"minecells:broadsword":1,"croptopia:kumquat":14,"minecells:infected_flesh":8,"beachparty:overgrown_disc":1,"botania:green_mystical_flower":1,"minecraft:jungle_sapling":18,"minecraft:white_wool":15,"bewitchment:belladonna_seeds":2,"minecraft:bone":5,"minecraft:iron_nugget":95,"minecraft:cobbled_deepslate":1,"archon:cloudshot_tome":1,"minecraft:rotten_flesh":38,"simplyswords:diamond_twinblade":1,"create:asurine":5,"minecraft:poppy":1,"minecraft:gunpowder":2,"create:scoria":5,"minecraft:jungle_log":32,"minecraft:acacia_sapling":1,"minecraft:azalea":3,"minecraft:leather_leggings":1,"minecraft:arrow":13,"minecells:chain_pile":1,"twigs:bamboo_leaves":5,"minecraft:bread":39,"minecraft:wheat_seeds":5,"travelersbackpack:bookshelf":1,"endrem:witch_pupil":1,"minecraft:book":4,"regions_unexplored:tassel":2,"minecraft:granite":12,"regions_unexplored:daisy":1,"minecraft:diorite":3,"spellbladenext:spelloil":1,"minecells:explosive_bulb":1,"minecraft:map":7,"bewitchment:garlic":1,"minecells:metal_shards":4,"minecraft:orange_bed":1,"minecraft:string":2,"minecraft:bucket":2,"minecraft:moss_carpet":2,"twigs:petrified_lichen":2,"promenade:sakura_log":18,"minecraft:tuff":16,"minecraft:clay_ball":24,"simplyswords:watcher_claymore":1,"minecraft:big_dripleaf":1,"adventurez:orc_skin":2,"minecraft:andesite":5,"minecells:health_flask":1,"minecraft:bow":2,"minecraft:wooden_pickaxe":1,"spellbladenext:arcane_blade":1},"minecraft:killed":{"naturalist:zebra":1,"naturalist:rattlesnake":1,"minecraft:witch":1,"graveyard:skeleton_creeper":1,"minecraft:spider":6,"promenade:sunken_skeleton":2,"naturalist:boar":2,"creeperoverhaul:bamboo_creeper":1,"minecraft:skeleton":16,"derelict:spiderling":1,"friendsandfoes:glare":1,"minecraft:chicken":1,"creeperoverhaul:cave_creeper":1,"minecells:leaping_zombie":120,"minecells:protector":11,"minecells:grenadier":23,"minecraft:parrot":1,"minecraft:pig":3,"minecraft:zombie_villager":3,"minecraft:creeper":7,"naturalist:rhino":1,"minecraft:sheep":5,"tinyskeletons:baby_skeleton":2,"minecraft:donkey":2,"minecraft:zombie":40,"minecells:shieldbearer":11,"minecells:inquisitor":1,"naturalist:lion":5,"minecells:mutated_bat":21,"promenade:duck":1,"minecells:undead_archer":21,"bewitchment:ghost":1,"minecraft:horse":1,"naturalist:elephant":2,"spellbladenext:magister":4,"aqupd:caracal":1,"mythicmobs:chupacabra":1,"naturalist:giraffe":2,"adventurez:orc":2,"minecells:runner":22,"minecraft:squid":2,"promenade:lush_creeper":1,"creeperoverhaul:ocean_creeper":3,"mutantmonsters:mutant_zombie":1,"minecraft:player":5,"minecells:buzzcutter":5,"minecraft:enderman":2},"minecraft:mined":{"winterly:raw_cryomarble_shard":3,"create:deepslate_zinc_ore":20,"minecells:putrid_fence":6,"graveyard:tg_coarse_dirt":1,"minecraft:andesite_stairs":1,"minecraft:jungle_leaves":19,"indrev:deepslate_tungsten_ore":3,"minecraft:cave_vines_plant":1,"minecraft:granite":12,"minecraft:grass_block":5,"minecraft:jungle_log":17,"minecells:bloomrock_tiles":1,"minecraft:spawner":1,"minecraft:raw_iron_block":1,"techreborn:deepslate_lead_ore":12,"minecraft:deepslate_lapis_ore":8,"create:asurine":6,"croptopia:kumquat_crop":24,"bewitchment:deepslate_salt_ore":4,"techreborn:deepslate_galena_ore":11,"minecraft:orange_bed":2,"botania:green_mystical_flower":1,"minecraft:deepslate_redstone_ore":6,"minecells:prison_bricks":1,"techreborn:deepslate_bauxite_ore":35,"lootr:lootr_chest":1,"modern_industrialization:deepslate_tungsten_ore":2,"things:gleaming_ore":1,"minecells:corpse":1,"minecraft:clay":5,"promenade:blush_sakura_blossoms":3,"things:deepslate_gleaming_ore":1,"techreborn:deepslate_tin_ore":29,"minecraft:poppy":1,"minecraft:melon":21,"minecells:skeleton":4,"minecraft:chest":3,"create:scoria":5,"minecraft:cobblestone":5,"minecraft:sugar_cane":1,"minecraft:wall_torch":2,"minecells:alchemy_equipment_2":3,"botania:black_mystical_flower":2,"powah:deepslate_uraninite_ore_poor":4,"minecraft:deepslate_copper_ore":1,"modern_industrialization:deepslate_lignite_coal_ore":57,"modern_industrialization:deepslate_uranium_ore":9,"minecells:bloomrock":3,"minecraft:stone_brick_stairs":1,"minecraft:grass":36,"minecraft:oak_log":1,"archon:earth_node":2,"minecraft:dirt":4,"minecells:chain_pile":1,"minecells:bloomrock_wilted_grass_block":4,"minecraft:oak_leaves":44,"minecraft:deepslate":98,"powah:deepslate_uraninite_ore":5,"minecraft:tuff":23,"minecraft:deepslate_diamond_ore":4,"minecraft:candle":2,"promenade:vermilion_carpeted_grass_block":1,"minecells:putrid_trapdoor":1,"modern_industrialization:deepslate_antimony_ore":3,"minecraft:glow_lichen":1,"minecells:rotting_corpse":3,"indrev:deepslate_lead_ore":11,"techreborn:bauxite_ore":1,"minecraft:moss_block":17,"minecraft:redstone_ore":5,"graveyard:tg_moss_block":1,"minecraft:andesite":5,"treechop:chopped_log":20,"indrev:deepslate_nikolite_ore":12,"minecells:hanged_rotting_corpse":1,"soulsweapons:moonstone_ore_deepslate":7,"modern_industrialization:deepslate_monazite_ore":1,"minecraft:deepslate_iron_ore":53,"minecraft:vine":6,"minecells:cage":1,"modern_industrialization:deepslate_nickel_ore":4,"regions_unexplored:medium_grass":7,"minecraft:bamboo":1,"minecraft:stone":177,"croptopia:coconut_crop":2,"regions_unexplored:flowering_shrub":3,"minecells:alchemy_equipment_1":2,"minecraft:podzol":1,"techreborn:deepslate_silver_ore":31,"regions_unexplored:pink_bioshroom":1,"minecraft:crafting_table":1,"twigs:petrified_lichen":1,"minecells:brittle_barrel":1,"minecraft:tall_grass":1,"minecraft:copper_ore":42,"minecells:alchemy_equipment_0":3,"minecraft:deepslate_gold_ore":15,"minecraft:lapis_ore":8,"regions_unexplored:daisy":1,"minecraft:diorite":5,"minecraft:big_dripleaf":1,"minecells:small_crate":1,"supplementaries:urn":6,"jewelry:deepslate_gem_vein":1,"minecraft:ice":12,"regions_unexplored:redwood_leaves":9,"minecraft:coal_ore":87,"minecraft:cocoa":4,"minecraft:gravel":2,"minecraft:fern":9,"regions_unexplored:tassel":2},"minecraft:used":{"fwaystones:waystone":2,"minecraft:moss_block":16,"minecraft:chest":24,"minecraft:shield":27,"lootr:trophy":1,"minecraft:rotten_flesh":51,"simplyswords:diamond_twinblade":174,"minecraft:jungle_planks":3,"minecraft:axolotl_bucket":1,"minecells:broadsword":287,"minecraft:item_frame":1,"minecells:balanced_blade":16,"ironchests:copper_chest":1,"simplyswords:gold_spear":1,"minecells:small_crate":1,"minecraft:wooden_pickaxe":8,"spellbladenext:arcane_blade":5,"minecraft:diamond_axe":221,"simplyswords:watcher_claymore":83,"regions_unexplored:redwood_log":3,"minecraft:bread":34,"minecraft:melon_slice":70,"mythicmobs:chupacabra_raw_meat":1,"minecraft:stone_sword":129,"minecraft:orange_bed":1,"minecraft:torch":47,"minecraft:dirt":6,"minecraft:anvil":1,"minecraft:wooden_axe":59,"minecraft:jungle_log":3,"minecells:guts":1,"croptopia:kumquat":6,"minecraft:cobbled_deepslate":3,"minecraft:water_bucket":2,"minecraft:cartography_table":1,"minecells:prison_bricks":1,"expandeddelight:sweet_potato":1,"minecraft:crafting_table":3,"minecraft:diamond_pickaxe":893,"ironchests:copper_chest_upgrade":1,"minecells:putrid_trapdoor":1,"simplyswords:livyatan":911,"minecraft:cobblestone":144,"minecraft:potion":1,"minecraft:bucket":2,"beachparty:rubber_ring_pelican":1},"minecraft:killed_by":{"creeperoverhaul:ocean_creeper":2,"creeperoverhaul:jungle_creeper":1,"tinyskeletons:baby_skeleton":1},"minecraft:broken":{"minecraft:wooden_axe":1},"minecraft:custom":{"lootr:looted_stat":162,"minecraft:interact_with_crafting_table":30,"minecraft:bell_ring":1,"minecraft:leave_game":1,"minecraft:time_since_death":243363,"minecraft:damage_resisted":0,"minecraft:sprint_one_cm":950951,"minecraft:damage_blocked_by_shield":688,"minecraft:drop":98,"minecraft:talked_to_villager":1,"minecraft:play_time":436474,"minecraft:deaths":5,"minecraft:jump":4428,"minecraft:walk_on_water_one_cm":60331,"minecraft:interact_with_furnace":8,"minecraft:sleep_in_bed":8,"minecraft:damage_dealt":63202,"minecraft:player_kills":5,"minecraft:crouch_one_cm":3355,"minecraft:interact_with_anvil":7,"minecraft:mob_kills":382,"minecraft:damage_dealt_resisted":1392,"minecraft:climb_one_cm":28062,"minecraft:walk_one_cm":1429476,"minecraft:target_hit":2,"minecraft:sneak_time":1798,"minecraft:walk_under_water_one_cm":35507,"minecraft:total_world_time":436474,"minecraft:interact_with_grindstone":1,"minecraft:hex":0,"minecraft:time_since_rest":5191,"minecraft:damage_taken":14014,"minecraft:swim_one_cm":44186,"minecraft:fly_one_cm":910947,"minecraft:open_chest":182,"minecraft:threat":10,"minecraft:fall_one_cm":106376},"minecraft:picked_up":{"techreborn:deepslate_galena_ore":12,"techreborn:raw_tin":29,"soulsweapons:moonstone":7,"croptopia:calamari":2,"minecraft:string":2,"minecraft:raw_copper":147,"simplyswords:diamond_twinblade":1,"promenade:sakura_log":18,"minecraft:cobbled_deepslate":68,"bosses_of_mass_destruction:soul_star":1,"modern_industrialization:raw_uranium":9,"minecraft:azalea":3,"minecraft:melon_slice":108,"regions_unexplored:redwood_log":175,"minecells:guts":42,"minecraft:stick":8,"minecraft:big_dripleaf":1,"minecraft:torch":19,"minecells:balanced_blade":1,"twigs:bamboo_leaves":5,"minecraft:porkchop":10,"minecraft:diorite":5,"minecells:putrid_fence":4,"regions_unexplored:daisy":1,"mutantmonsters:hulk_hammer":1,"minecells:promenade_dimensional_rune":1,"minecraft:orange_bed":2,"indrev:raw_lead":11,"minecraft:rotten_flesh":94,"create:scoria":5,"create:asurine":5,"supplementaries:ash":9,"minecells:small_crate":1,"adventurez:orc_skin":2,"minecraft:cod":2,"minecraft:cobblestone":230,"travelersbackpack:iron_golem":1,"minecraft:feather":1,"minecraft:water_bucket":1,"minecraft:andesite":5,"minecraft:jungle_log":279,"regions_unexplored:flowering_shrub":3,"techreborn:tin_ingot":1,"create:raw_zinc":19,"minecraft:flint":1,"minecraft:tuff":16,"minecraft:horn_coral":3,"minecraft:lapis_lazuli":99,"minecraft:dirt":11,"minecraft:bone":33,"travelersbackpack:bookshelf":1,"minecraft:bow":3,"minecraft:wheat_seeds":10,"minecraft:raw_gold":15,"paladins:acolyte_wand":1,"minecraft:bamboo":16,"minecraft:moss_block":29,"twigs:twig":103,"promenade:duck":1,"techreborn:raw_lead":11,"minecraft:axolotl_bucket":1,"minecraft:jungle_planks":10,"minecraft:ink_sac":2,"minecells:cudgel":1,"minecells:metal_shards":6,"winterly:cryomarble_shard":3,"beachparty:rubber_ring_pelican":1,"minecells:putrid_trapdoor":1,"minecells:explosive_bulb":13,"minecraft:diamond":4,"minecraft:granite":12,"minecells:bloomrock":6,"indrev:nikolite_dust":54,"minecraft:oak_sapling":72,"minecells:chain_pile":1,"minecraft:crafting_table":1,"minecraft:cocoa_beans":10,"modern_industrialization:lignite_coal":57,"twigs:petrified_lichen":2,"things:gleaming_powder":2,"minecraft:chicken":1,"minecraft:clay_ball":24,"minecraft:leather_leggings":1,"jewelry:citrine":1,"croptopia:kumquat":20,"promenade:blush_sakura_sapling":3,"minecraft:fire_coral":4,"minecraft:moss_carpet":4,"minecraft:item_frame":1,"twigs:opaline_seashell":1,"techreborn:raw_silver":30,"mythicmobs:chupacabra_raw_meat":1,"minecraft:cartography_table":1,"minecraft:candle":1,"minecraft:andesite_stairs":1,"minecells:vine_rune":1,"minecraft:iron_nugget":95,"minecraft:jungle_sapling":41,"croptopia:coconut":2,"minecraft:poppy":1,"minecraft:sugar_cane":2,"minecraft:chest":4,"spellbladenext:arcane_blade":2,"minecraft:egg":1,"minecraft:raw_iron":51,"minecells:monsters_eye":5,"minecells:arcane_goo":4,"fwaystones:waystone":2,"minecraft:redstone":43,"bewitchment:garlic":1,"minecraft:arrow":35,"minecraft:mutton":8,"botania:green_mystical_flower":1,"minecraft:glow_berries":2,"minecraft:skeleton_skull":4,"minecraft:white_wool":36,"modern_industrialization:raw_antimony":3,"minecraft:salmon":2,"minecraft:leather":8,"ironchests:copper_chest":1,"archon:earth_essence":2,"minecraft:oak_log":56,"indrev:raw_tungsten":3,"minecraft:gunpowder":10,"minecells:cage":1,"regions_unexplored:tassel":2,"botania:black_mystical_flower":2,"minecraft:apple":6,"regions_unexplored:redwood_sapling":28,"minecells:prison_bricks":1,"beachparty:overgrown_disc":1,"techreborn:deepslate_bauxite_ore":34,"minecraft:acacia_sapling":1,"minecraft:book":3,"endrem:witch_pupil":1,"modern_industrialization:raw_tungsten":2,"minecells:monster_cell":112,"minecells:infected_flesh":38,"minecraft:raw_iron_block":1,"bewitchment:belladonna_seeds":2,"bewitchment:salt":6,"powah:uraninite_raw":14,"minecells:ramparts_dimensional_rune":1,"minecraft:leather_helmet":1,"modern_industrialization:monazite_dust":1,"modern_industrialization:raw_nickel":4,"minecraft:iron_helmet":1,"minecraft:gray_wool":2,"minecraft:black_wool":1,"minecraft:coal":87},"minecraft:crafted":{"minecraft:oak_planks":32,"minecraft:chest":21,"minecraft:diamond_axe":1,"minecraft:crafting_table":2,"minecraft:wooden_pickaxe":1,"travelersbackpack:standard":1,"minecraft:copper_ingot":70,"minecraft:diamond_pickaxe":1,"minecraft:stick":28,"minecraft:iron_block":3,"minecraft:shears":1,"minecraft:raw_iron":9,"comforts:sleeping_bag_white":2,"ironchests:copper_chest_upgrade":1,"archon:channeler":1,"minecraft:air":0,"minecraft:jungle_planks":160,"archon:grimoire":1,"minecraft:wooden_axe":1,"minecraft:anvil":1,"minecraft:torch":28}},"DataVersion":3465}