{"stats":{"minecraft:killed":{"minecraft:skeleton":1,"mythicmobs:chupacabra":1,"minecraft:zombie":7,"bewitchment:ghost":1,"mythicmounts:geckotoalizard":1},"minecraft:mined":{"minecraft:jungle_leaves":3,"treechop:chopped_log":1,"minecraft:oak_leaves":1,"minecraft:spawner":3},"minecraft:used":{"minecraft:rotten_flesh":2,"minecraft:stone_sword":33,"minecraft:azalea_leaves":3,"minecraft:bread":4,"minecraft:iron_pickaxe":3,"minecraft:iron_sword":156},"minecraft:killed_by":{"minecraft:zombie":1},"minecraft:custom":{"minecraft:time_since_rest":4829,"minecraft:deaths":1,"minecraft:sprint_one_cm":24477,"lootr:looted_stat":3,"minecraft:play_time":31376,"minecraft:damage_taken":2234,"minecraft:walk_one_cm":43529,"minecraft:sneak_time":1524,"minecraft:walk_under_water_one_cm":1250,"minecraft:mob_kills":16,"minecraft:damage_dealt_resisted":0,"minecraft:jump":159,"minecraft:damage_dealt":4795,"minecraft:time_since_death":4800,"minecraft:walk_on_water_one_cm":21169,"minecraft:total_world_time":31376,"minecraft:climb_one_cm":1614,"minecraft:hex":0,"minecraft:fall_one_cm":2590,"minecraft:fly_one_cm":643615},"minecraft:picked_up":{"vinery:jungle_grapes_red":2,"minecraft:arrow":2,"minecraft:bone":1,"minecraft:jungle_log":5,"minecraft:rotten_flesh":13,"mythicmobs:chupacabra_raw_meat":1,"bewitchment:ectoplasm":2,"minecraft:jungle_sapling":2,"minecraft:iron_pickaxe":1,"twigs:twig":2}},"DataVersion":3465}