{"stats":{"minecraft:dropped":{"twigs:bamboo_leaves":5,"minecraft:iron_nugget":38,"minecraft:diamond":6,"botania:black_mystical_flower":2,"minecraft:rotten_flesh":1,"regions_unexplored:tassel":2,"regions_unexplored:flowering_shrub":3,"regions_unexplored:daisy":1,"minecells:broadsword":1,"minecraft:poppy":1,"croptopia:kumquat":14,"minecells:explosive_bulb":1,"botania:green_mystical_flower":1,"bewitchment:belladonna_seeds":2},"minecraft:killed":{"minecraft:parrot":1,"minecraft:zombie_villager":1,"promenade:duck":1,"minecells:undead_archer":12,"promenade:sunken_skeleton":2,"minecraft:sheep":2,"minecraft:skeleton":1,"minecraft:zombie":2,"creeperoverhaul:ocean_creeper":3,"minecraft:chicken":1,"minecells:shieldbearer":8,"minecells:leaping_zombie":14,"minecells:grenadier":2},"minecraft:used":{"minecraft:stone_sword":129,"simplyswords:gold_spear":1,"minecraft:chest":3,"minecraft:shield":27,"minecraft:diamond_axe":221,"minecraft:dirt":2,"minecraft:crafting_table":2,"minecraft:jungle_planks":3,"minecraft:wooden_axe":59,"regions_unexplored:redwood_log":3,"minecraft:melon_slice":53,"minecraft:jungle_log":1,"minecells:broadsword":211,"croptopia:kumquat":6},"minecraft:mined":{"minecraft:podzol":1,"botania:green_mystical_flower":1,"minecraft:jungle_leaves":19,"minecraft:crafting_table":1,"promenade:blush_sakura_blossoms":3,"minecraft:grass_block":4,"minecraft:chest":1,"minecraft:poppy":1,"minecraft:melon":12,"minecraft:jungle_log":15,"minecraft:sugar_cane":1,"regions_unexplored:daisy":1,"botania:black_mystical_flower":2,"regions_unexplored:redwood_leaves":9,"treechop:chopped_log":20,"minecraft:grass":30,"minecraft:oak_log":1,"minecraft:cocoa":4,"minecraft:vine":6,"minecraft:dirt":1,"regions_unexplored:medium_grass":7,"croptopia:kumquat_crop":24,"minecraft:bamboo":1,"minecraft:oak_leaves":43,"croptopia:coconut_crop":2,"regions_unexplored:flowering_shrub":3,"regions_unexplored:tassel":2,"minecraft:fern":8},"minecraft:killed_by":{"creeperoverhaul:ocean_creeper":2,"tinyskeletons:baby_skeleton":1},"minecraft:broken":{"minecraft:wooden_axe":1},"minecraft:custom":{"lootr:looted_stat":47,"minecraft:mob_kills":50,"minecraft:interact_with_crafting_table":10,"minecraft:damage_dealt_resisted":0,"minecraft:leave_game":1,"minecraft:time_since_death":75714,"minecraft:climb_one_cm":11557,"minecraft:damage_resisted":0,"minecraft:hex":0,"minecraft:time_since_rest":75741,"minecraft:sprint_one_cm":258732,"minecraft:damage_taken":2843,"minecraft:walk_one_cm":376190,"minecraft:damage_blocked_by_shield":688,"minecraft:drop":15,"minecraft:damage_dealt":9207,"minecraft:swim_one_cm":32289,"minecraft:fly_one_cm":226832,"minecraft:open_chest":14,"minecraft:crouch_one_cm":207,"minecraft:play_time":122957,"minecraft:deaths":3,"minecraft:sneak_time":165,"minecraft:walk_under_water_one_cm":20666,"minecraft:jump":1283,"minecraft:walk_on_water_one_cm":25195,"minecraft:total_world_time":122957,"minecraft:fall_one_cm":30724},"minecraft:picked_up":{"minecraft:cocoa_beans":10,"minecraft:crafting_table":1,"minecraft:feather":1,"minecraft:chicken":1,"minecraft:salmon":2,"minecraft:jungle_log":277,"regions_unexplored:flowering_shrub":3,"minecraft:oak_log":56,"promenade:blush_sakura_sapling":3,"croptopia:kumquat":20,"minecraft:gunpowder":2,"minecraft:horn_coral":3,"minecraft:fire_coral":4,"regions_unexplored:tassel":2,"minecraft:dirt":6,"botania:black_mystical_flower":2,"minecraft:bone":4,"twigs:opaline_seashell":1,"minecraft:apple":6,"promenade:sakura_log":9,"minecraft:wheat_seeds":5,"regions_unexplored:redwood_sapling":28,"minecraft:chest":1,"croptopia:coconut":2,"minecraft:jungle_sapling":23,"minecraft:poppy":1,"minecraft:melon_slice":63,"minecraft:bamboo":16,"twigs:twig":101,"minecraft:sugar_cane":2,"regions_unexplored:redwood_log":175,"minecraft:egg":1,"minecells:guts":11,"minecraft:stick":7,"promenade:duck":1,"minecells:monster_cell":14,"minecells:infected_flesh":8,"twigs:bamboo_leaves":5,"bewitchment:belladonna_seeds":2,"minecells:metal_shards":1,"regions_unexplored:daisy":1,"minecells:promenade_dimensional_rune":1,"minecraft:arrow":16,"minecraft:rotten_flesh":9,"minecells:explosive_bulb":3,"minecraft:gray_wool":2,"minecraft:mutton":3,"minecraft:black_wool":1,"minecraft:oak_sapling":56,"botania:green_mystical_flower":1,"minecraft:cod":2,"minecraft:white_wool":15},"minecraft:crafted":{"minecraft:oak_planks":16,"minecraft:diamond_axe":1,"minecraft:crafting_table":1,"comforts:sleeping_bag_white":2,"minecraft:jungle_planks":12,"minecraft:stick":16,"minecraft:wooden_axe":1,"minecraft:chest":2,"minecraft:shears":1}},"DataVersion":3465}