{"stats":{"minecraft:dropped":{"botania:mana_spreader":2,"minecraft:wheat_seeds":4,"minecraft:ender_pearl":1,"minecraft:feather":2,"minecraft:cobblestone":65,"fwaystones:waystone":1,"regions_unexplored:yellow_lupine":3,"minecraft:cracked_stone_bricks":1,"promenade:duck":1,"travelersbackpack:standard":1,"minecraft:flint":1,"bewitchment:aconite_seeds":1,"botania:endoflame":7,"minecraft:dirt":19,"botania:mana_pool":1,"botania:rune_earth":2,"minecraft:torch":1,"regions_unexplored:dusktrap":1,"travelersbackpack:enderman":1,"bewitchment:garlic":2,"minecraft:polished_andesite_stairs":1,"minecraft:smooth_sandstone_slab":2,"regions_unexplored:poppy_bush":4,"ae2:fluix_glass_cable":1,"minecraft:string":17,"minecraft:smooth_sandstone":1,"bewitchment:belladonna_seeds":1,"minecraft:bone":7,"minecraft:gravel":8,"botania:apothecary_livingrock":1,"minecraft:player_head":1,"minecraft:cooked_chicken":192,"minecraft:soul_lantern":1,"minecraft:rotten_flesh":17,"minecraft:iron_boots":1,"minecraft:diamond_sword":1,"minecraft:leather_chestplate":1,"botania:pure_daisy":8,"bewitchment:mandrake_seeds":1,"minecraft:gunpowder":8,"botania:lexicon":1,"minecraft:diamond_chestplate":2,"botania:monocle":1,"minecraft:mossy_stone_bricks":1,"bewitchment:ectoplasm":2,"minecraft:jungle_log":5,"botania:twig_wand":1,"minecraft:spider_eye":2,"minecraft:stone_bricks":11,"minecraft:arrow":16,"minecraft:bow":2,"regions_unexplored:silt_dirt":11,"botania:runic_altar":1,"botania:black_lotus":2,"botania:rune_water":2},"minecraft:killed":{"minecraft:cave_spider":2,"graveyard:skeleton_creeper":1,"minecraft:spider":8,"bewitchment:ghost":1,"minecraft:skeleton":36,"creeperoverhaul:jungle_creeper":1,"mythicmobs:chupacabra":1,"mythicmounts:geckotoalizard":2,"minecraft:zombie_villager":1,"minecraft:creeper":6,"mutantmonsters:creeper_minion":1,"minecraft:zombie":23,"mutantmonsters:mutant_creeper":1,"minecraft:wither_skeleton":3,"minecraft:enderman":1},"minecraft:used":{"ae2:energy_cell":2,"minecraft:stone_sword":33,"ae2:charger":2,"minecraft:polished_basalt":3,"regions_unexplored:silt_grass_block":114,"minecraft:chest":2,"ae2:terminal":1,"minecraft:iron_sword":299,"vinery:jungle_grapes_red":2,"minecraft:player_head":2,"minecraft:rotten_flesh":27,"minecraft:torch":41,"minecraft:dirt":14,"minecraft:jungle_planks":1,"ae2:inscriber":2,"minecraft:dark_oak_planks":4,"farmersdelight:tomato":10,"spellbladenext:flaming_falchion":12,"ae2:vibration_chamber":1,"minecraft:spruce_wood":1,"minecraft:smooth_sandstone":16,"minecraft:bow":12,"spellbladenext:arcane_blade":116,"minecraft:sandstone":9,"minecraft:diamond_axe":97,"expandeddelight:sweet_potato":1,"paladins:diamond_mace":121,"minecraft:crafting_table":2,"minecraft:cod":4,"paladins:iron_kite_shield":18,"ae2:controller":2,"minecraft:black_terracotta":4,"ae2:drive":2,"minecraft:diamond_pickaxe":752,"minecraft:apple":2,"minecraft:bread":13,"minecraft:melon_slice":35,"minecraft:iron_pickaxe":336,"minecraft:stone_slab":1,"simplyswords:wickpiercer":527,"travelersbackpack:pumpkin":1,"ae2:fluix_glass_cable":7,"mythicmobs:chupacabra_raw_meat":1,"minecraft:diamond_sword":177,"minecraft:azalea_leaves":13,"minecraft:porkchop":1},"minecraft:mined":{"minecraft:dark_oak_planks":2,"techreborn:sapphire_ore":20,"regions_unexplored:barley":1,"regions_unexplored:dropleaf_plant":1,"regions_unexplored:dusktrap":2,"minecraft:jungle_leaves":5,"regions_unexplored:dropleaf":7,"minecraft:granite":32,"minecraft:grass_block":2,"minecraft:jungle_planks":1,"create_new_age:thorium_ore":22,"modern_industrialization:lignite_coal_ore":119,"techreborn:bauxite_ore":27,"minecraft:sandstone":9,"minecraft:spawner":68,"techreborn:lead_ore":42,"minecraft:polished_basalt":3,"minecraft:iron_ore":32,"minecraft:andesite":92,"treechop:chopped_log":10,"minecraft:stripped_dark_oak_wood":1,"regions_unexplored:medium_grass":3,"minecraft:azalea_leaves":2,"minecraft:stone":221,"regions_unexplored:silt_grass_block":12,"minecraft:player_head":2,"minecraft:tripwire":1,"expandeddelight:wild_sweet_potatoes":1,"regions_unexplored:corpse_flower":3,"powah:uraninite_ore":2,"create_new_age:magnetite_block":7,"minecraft:clay":1,"minecraft:smooth_sandstone":1,"regions_unexplored:silt_dirt":31,"minecraft:melon":8,"minecraft:polished_andesite_stairs":1,"modern_industrialization:nickel_ore":17,"minecraft:copper_ore":34,"minecraft:tall_grass":6,"minecraft:cobblestone":2,"minecraft:lapis_ore":3,"minecraft:diorite":51,"minecraft:wall_torch":1,"techreborn:tin_ore":43,"techreborn:silver_ore":27,"techreborn:ruby_ore":4,"modern_industrialization:antimony_ore":5,"minecraft:grass":3,"minecraft:coal_ore":81,"minecraft:oak_log":4,"techreborn:galena_ore":12,"minecraft:gravel":8,"minecraft:dirt":1,"minecraft:cobweb":16,"minecraft:cracked_stone_bricks":1,"minecraft:stone_bricks":13,"minecraft:mossy_stone_bricks":1,"minecraft:oak_leaves":4,"create:zinc_ore":5},"minecraft:killed_by":{"minecraft:wither_skeleton":2,"mutantmonsters:mutant_skeleton":2,"mythicmobs:chupacabra":2,"minecraft:skeleton":7,"minecraft:zombie":1},"minecraft:broken":{"paladins:iron_kite_shield":1,"minecraft:iron_sword":1,"minecraft:iron_pickaxe":1},"minecraft:custom":{"lootr:looted_stat":76,"minecraft:mob_kills":97,"minecraft:interact_with_crafting_table":4,"minecraft:bell_ring":2,"minecraft:items_inserted":1930,"minecraft:damage_dealt_resisted":0,"minecraft:eat_cake_slice":4,"minecraft:time_since_death":38505,"minecraft:climb_one_cm":6578,"minecraft:damage_resisted":0,"minecraft:sprint_one_cm":656415,"minecraft:walk_one_cm":804221,"minecraft:damage_blocked_by_shield":3730,"minecraft:drop":76,"minecraft:talked_to_villager":1,"minecraft:play_time":241597,"minecraft:deaths":15,"minecraft:sneak_time":4362,"minecraft:walk_under_water_one_cm":4038,"minecraft:jump":2539,"minecraft:walk_on_water_one_cm":31412,"minecraft:total_world_time":241597,"minecraft:items_extracted":192,"minecraft:hex":0,"minecraft:time_since_rest":38534,"minecraft:damage_taken":30072,"minecraft:damage_absorbed":2819,"minecraft:damage_dealt":35161,"minecraft:fly_one_cm":1466257,"minecraft:open_chest":11,"minecraft:crouch_one_cm":5503,"minecraft:fall_one_cm":57570},"minecraft:picked_up":{"regions_unexplored:small_oak_log":12,"techreborn:raw_tin":43,"modern_industrialization:lignite_coal":119,"create_new_age:thorium":64,"minecraft:stone_slab":1,"regions_unexplored:silt_dirt":54,"minecraft:raw_copper":114,"minecraft:string":25,"regions_unexplored:poppy_bush":4,"techreborn:galena_ore":12,"techreborn:raw_silver":26,"minecraft:cracked_stone_bricks":1,"mythicmobs:chupacabra_raw_meat":1,"bosses_of_mass_destruction:soul_star":1,"twigs:pebble":3,"minecraft:player_head":4,"minecraft:jungle_sapling":2,"minecraft:iron_pickaxe":1,"minecraft:melon_slice":35,"minecraft:raw_iron":32,"minecraft:stick":8,"minecraft:sandstone":9,"regions_unexplored:corpse_flower":3,"minecraft:torch":1,"techreborn:ruby_gem":5,"fwaystones:waystone":1,"minecraft:diorite":51,"minecraft:dark_oak_planks":4,"minecraft:smooth_sandstone_slab":2,"regions_unexplored:dusktrap":1,"bewitchment:garlic":2,"minecraft:arrow":31,"minecraft:rotten_flesh":36,"minecraft:diamond_chestplate":1,"minecraft:polished_basalt":3,"minecraft:stripped_dark_oak_wood":1,"minecraft:cobblestone":214,"modern_industrialization:raw_antimony":5,"minecraft:leather_chestplate":1,"minecraft:feather":2,"minecraft:andesite":92,"minecraft:jungle_log":5,"minecraft:flint":1,"create:raw_zinc":5,"minecraft:oak_log":107,"minecraft:gunpowder":10,"expandeddelight:sweet_potato":1,"bewitchment:aconite_seeds":1,"minecraft:lapis_lazuli":22,"farmersdelight:tomato":10,"minecraft:dirt":31,"regions_unexplored:small_oak_sapling":5,"minecraft:bone":28,"minecraft:smooth_sandstone":17,"minecraft:apple":5,"minecraft:stone_bricks":11,"minecraft:bow":1,"minecraft:wheat_seeds":4,"create_new_age:magnetite_block":7,"minecraft:spruce_wood":1,"bewitchment:mandrake_seeds":1,"minecraft:mossy_stone_bricks":1,"regions_unexplored:dropleaf":3,"twigs:twig":40,"regions_unexplored:yellow_lupine":3,"minecraft:dark_oak_stairs":1,"minecraft:polished_andesite_stairs":1,"minecraft:dark_oak_slab":2,"minecraft:black_terracotta":4,"promenade:duck":1,"minecraft:gravel":8,"techreborn:raw_lead":42,"minecraft:jungle_planks":1,"bewitchment:belladonna_seeds":1,"powah:uraninite_raw":4,"techreborn:red_garnet_gem":2,"techreborn:sapphire_gem":30,"minecraft:spider_eye":3,"techreborn:bauxite_ore":27,"techreborn:peridot_gem":8,"paladins:paladin_armor_feet":1,"vinery:jungle_grapes_red":2,"modern_industrialization:raw_nickel":17,"minecraft:granite":32,"travelersbackpack:pumpkin":1,"bewitchment:ectoplasm":2,"minecraft:oak_sapling":66,"minecraft:coal":82,"ae2:item_storage_cell_1k":2,"minecraft:ender_pearl":1},"minecraft:crafted":{"minecraft:oak_planks":28,"minecraft:chest":2,"minecraft:dark_oak_planks":4,"minecraft:diamond_sword":1,"minecraft:diamond_axe":1,"minecraft:crafting_table":2,"minecraft:diamond_pickaxe":1,"minecraft:stick":20,"minecraft:torch":48}},"DataVersion":3465}