{"stats":{"minecraft:dropped":{"botania:mana_spreader":2,"minecraft:wheat_seeds":3,"minecraft:ender_pearl":1,"minecraft:cobblestone":1,"regions_unexplored:yellow_lupine":3,"minecraft:cracked_stone_bricks":1,"travelersbackpack:standard":1,"bewitchment:aconite_seeds":1,"botania:endoflame":7,"minecraft:dirt":19,"botania:mana_pool":1,"botania:rune_earth":2,"minecraft:torch":1,"travelersbackpack:enderman":1,"bewitchment:garlic":2,"minecraft:polished_andesite_stairs":1,"minecraft:smooth_sandstone_slab":2,"regions_unexplored:poppy_bush":4,"ae2:fluix_glass_cable":1,"minecraft:string":17,"minecraft:smooth_sandstone":1,"bewitchment:belladonna_seeds":1,"minecraft:bone":7,"botania:apothecary_livingrock":1,"minecraft:player_head":1,"minecraft:cooked_chicken":192,"minecraft:soul_lantern":1,"minecraft:rotten_flesh":13,"minecraft:iron_boots":1,"minecraft:diamond_sword":1,"minecraft:leather_chestplate":1,"botania:pure_daisy":8,"bewitchment:mandrake_seeds":1,"minecraft:gunpowder":8,"botania:lexicon":1,"minecraft:diamond_chestplate":2,"botania:monocle":1,"bewitchment:ectoplasm":2,"minecraft:jungle_log":5,"minecraft:mossy_stone_bricks":1,"botania:twig_wand":1,"minecraft:spider_eye":2,"minecraft:stone_bricks":11,"minecraft:arrow":16,"minecraft:bow":2,"regions_unexplored:silt_dirt":11,"botania:black_lotus":2,"botania:runic_altar":1,"botania:rune_water":2},"minecraft:killed":{"minecraft:cave_spider":2,"graveyard:skeleton_creeper":1,"minecraft:spider":8,"bewitchment:ghost":1,"minecraft:skeleton":36,"creeperoverhaul:jungle_creeper":1,"mythicmobs:chupacabra":1,"mythicmounts:geckotoalizard":2,"minecraft:creeper":3,"mutantmonsters:creeper_minion":1,"minecraft:zombie":20,"mutantmonsters:mutant_creeper":1,"minecraft:wither_skeleton":3,"minecraft:enderman":1},"minecraft:used":{"ae2:energy_cell":2,"minecraft:stone_sword":33,"ae2:charger":2,"minecraft:polished_basalt":3,"regions_unexplored:silt_grass_block":114,"ae2:terminal":1,"minecraft:iron_sword":299,"vinery:jungle_grapes_red":2,"minecraft:player_head":2,"minecraft:rotten_flesh":24,"minecraft:torch":15,"minecraft:dirt":14,"minecraft:jungle_planks":1,"ae2:inscriber":2,"minecraft:dark_oak_planks":4,"farmersdelight:tomato":10,"ae2:vibration_chamber":1,"spellbladenext:flaming_falchion":12,"minecraft:spruce_wood":1,"minecraft:smooth_sandstone":16,"minecraft:bow":12,"spellbladenext:arcane_blade":116,"minecraft:sandstone":9,"expandeddelight:sweet_potato":1,"paladins:diamond_mace":121,"minecraft:crafting_table":1,"minecraft:cod":4,"paladins:iron_kite_shield":18,"ae2:controller":2,"minecraft:black_terracotta":4,"ae2:drive":2,"minecraft:bread":13,"minecraft:melon_slice":35,"minecraft:iron_pickaxe":124,"minecraft:stone_slab":1,"simplyswords:wickpiercer":454,"travelersbackpack:pumpkin":1,"ae2:fluix_glass_cable":7,"mythicmobs:chupacabra_raw_meat":1,"minecraft:diamond_sword":177,"minecraft:azalea_leaves":13,"minecraft:porkchop":1},"minecraft:mined":{"minecraft:dark_oak_planks":2,"regions_unexplored:barley":1,"minecraft:jungle_leaves":5,"minecraft:grass_block":2,"minecraft:jungle_planks":1,"minecraft:sandstone":9,"minecraft:spawner":68,"minecraft:polished_basalt":3,"treechop:chopped_log":1,"minecraft:stripped_dark_oak_wood":1,"minecraft:azalea_leaves":2,"minecraft:player_head":2,"minecraft:tripwire":1,"expandeddelight:wild_sweet_potatoes":1,"minecraft:smooth_sandstone":1,"minecraft:melon":8,"minecraft:polished_andesite_stairs":1,"minecraft:tall_grass":5,"minecraft:cobblestone":2,"minecraft:dirt":1,"minecraft:cobweb":16,"minecraft:cracked_stone_bricks":1,"minecraft:stone_bricks":13,"minecraft:mossy_stone_bricks":1,"minecraft:oak_leaves":2},"minecraft:killed_by":{"minecraft:wither_skeleton":2,"mutantmonsters:mutant_skeleton":1,"mythicmobs:chupacabra":2,"minecraft:skeleton":7,"minecraft:zombie":1},"minecraft:broken":{"paladins:iron_kite_shield":1,"minecraft:iron_sword":1},"minecraft:custom":{"lootr:looted_stat":76,"minecraft:mob_kills":90,"minecraft:interact_with_crafting_table":1,"minecraft:bell_ring":2,"minecraft:items_inserted":1502,"minecraft:damage_dealt_resisted":0,"minecraft:eat_cake_slice":4,"minecraft:time_since_death":60794,"minecraft:climb_one_cm":6578,"minecraft:damage_resisted":0,"minecraft:sprint_one_cm":614923,"minecraft:walk_one_cm":679528,"minecraft:damage_blocked_by_shield":3730,"minecraft:drop":67,"minecraft:talked_to_villager":1,"minecraft:deaths":14,"minecraft:play_time":200582,"minecraft:sneak_time":4165,"minecraft:walk_under_water_one_cm":4038,"minecraft:jump":2272,"minecraft:walk_on_water_one_cm":31412,"minecraft:total_world_time":200582,"minecraft:hex":0,"minecraft:time_since_rest":60863,"minecraft:damage_taken":29033,"minecraft:damage_absorbed":2625,"minecraft:damage_dealt":31172,"minecraft:fly_one_cm":1407583,"minecraft:crouch_one_cm":4999,"minecraft:fall_one_cm":54215},"minecraft:picked_up":{"minecraft:stone_slab":1,"regions_unexplored:silt_dirt":11,"minecraft:string":25,"regions_unexplored:poppy_bush":4,"minecraft:cracked_stone_bricks":1,"mythicmobs:chupacabra_raw_meat":1,"bosses_of_mass_destruction:soul_star":1,"minecraft:player_head":4,"minecraft:jungle_sapling":2,"minecraft:iron_pickaxe":1,"minecraft:melon_slice":35,"minecraft:sandstone":9,"minecraft:dark_oak_planks":4,"minecraft:smooth_sandstone_slab":2,"minecraft:arrow":31,"bewitchment:garlic":2,"minecraft:diamond_chestplate":1,"minecraft:rotten_flesh":31,"minecraft:polished_basalt":3,"minecraft:stripped_dark_oak_wood":1,"minecraft:cobblestone":1,"minecraft:leather_chestplate":1,"minecraft:jungle_log":5,"minecraft:gunpowder":8,"expandeddelight:sweet_potato":1,"bewitchment:aconite_seeds":1,"farmersdelight:tomato":10,"minecraft:dirt":31,"minecraft:bone":28,"minecraft:smooth_sandstone":17,"minecraft:stone_bricks":11,"minecraft:bow":1,"minecraft:wheat_seeds":3,"minecraft:spruce_wood":1,"bewitchment:mandrake_seeds":1,"minecraft:mossy_stone_bricks":1,"twigs:twig":2,"regions_unexplored:yellow_lupine":3,"minecraft:dark_oak_stairs":1,"minecraft:polished_andesite_stairs":1,"minecraft:black_terracotta":4,"minecraft:dark_oak_slab":2,"bewitchment:belladonna_seeds":1,"minecraft:jungle_planks":1,"minecraft:spider_eye":3,"paladins:paladin_armor_feet":1,"vinery:jungle_grapes_red":2,"travelersbackpack:pumpkin":1,"bewitchment:ectoplasm":2,"minecraft:coal":1,"ae2:item_storage_cell_1k":2,"minecraft:ender_pearl":1},"minecraft:crafted":{"minecraft:dark_oak_planks":4,"minecraft:diamond_sword":1,"minecraft:crafting_table":1,"minecraft:stick":4}},"DataVersion":3465}