{"stats":{"minecraft:dropped":{"minecraft:diamond_chestplate":2,"minecraft:jungle_log":5,"travelersbackpack:enderman":1,"minecraft:smooth_sandstone":1},"minecraft:killed":{"minecraft:spider":3,"bewitchment:ghost":1,"minecraft:skeleton":22,"minecraft:zombie":15,"mythicmobs:chupacabra":1,"mythicmounts:geckotoalizard":1},"minecraft:used":{"minecraft:stone_sword":33,"minecraft:polished_basalt":3,"spellbladenext:arcane_blade":116,"minecraft:sandstone":9,"minecraft:iron_sword":299,"vinery:jungle_grapes_red":2,"minecraft:player_head":1,"minecraft:rotten_flesh":16,"paladins:diamond_mace":100,"minecraft:crafting_table":1,"paladins:iron_kite_shield":18,"minecraft:dark_oak_planks":4,"spellbladenext:flaming_falchion":12,"minecraft:bread":12,"minecraft:iron_pickaxe":69,"minecraft:smooth_sandstone":1,"mythicmobs:chupacabra_raw_meat":1,"minecraft:diamond_sword":177,"minecraft:bow":12,"minecraft:azalea_leaves":13},"minecraft:mined":{"minecraft:dark_oak_planks":2,"minecraft:jungle_leaves":3,"minecraft:jungle_planks":1,"minecraft:sandstone":9,"minecraft:spawner":41,"minecraft:polished_basalt":3,"treechop:chopped_log":1,"minecraft:stripped_dark_oak_wood":1,"minecraft:azalea_leaves":2,"minecraft:player_head":2,"minecraft:oak_leaves":1},"minecraft:killed_by":{"minecraft:wither_skeleton":1,"mutantmonsters:mutant_skeleton":1,"mythicmobs:chupacabra":2,"minecraft:skeleton":6,"minecraft:zombie":1},"minecraft:broken":{"paladins:iron_kite_shield":1,"minecraft:iron_sword":1},"minecraft:custom":{"lootr:looted_stat":32,"minecraft:mob_kills":51,"minecraft:interact_with_crafting_table":1,"minecraft:damage_dealt_resisted":0,"minecraft:eat_cake_slice":4,"minecraft:time_since_death":0,"minecraft:climb_one_cm":1817,"minecraft:damage_resisted":0,"minecraft:hex":0,"minecraft:time_since_rest":21,"minecraft:sprint_one_cm":310429,"minecraft:damage_absorbed":1857,"minecraft:damage_taken":16655,"minecraft:walk_one_cm":282077,"minecraft:damage_blocked_by_shield":3730,"minecraft:drop":5,"minecraft:damage_dealt":16177,"minecraft:fly_one_cm":908109,"minecraft:crouch_one_cm":4153,"minecraft:sneak_time":3528,"minecraft:play_time":97376,"minecraft:deaths":11,"minecraft:walk_under_water_one_cm":2830,"minecraft:jump":1187,"minecraft:walk_on_water_one_cm":26271,"minecraft:total_world_time":97376,"minecraft:fall_one_cm":21296},"minecraft:picked_up":{"minecraft:jungle_log":5,"minecraft:string":3,"minecraft:smooth_sandstone":2,"minecraft:bone":14,"mythicmobs:chupacabra_raw_meat":1,"minecraft:spruce_wood":1,"minecraft:player_head":3,"minecraft:jungle_sapling":2,"minecraft:iron_pickaxe":1,"twigs:twig":2,"minecraft:sandstone":9,"minecraft:dark_oak_slab":2,"minecraft:black_terracotta":4,"minecraft:jungle_planks":1,"minecraft:spider_eye":1,"minecraft:dark_oak_planks":4,"vinery:jungle_grapes_red":2,"minecraft:arrow":21,"paladins:paladin_armor_feet":1,"minecraft:rotten_flesh":22,"minecraft:diamond_chestplate":1,"minecraft:polished_basalt":3,"minecraft:stripped_dark_oak_wood":1,"bewitchment:ectoplasm":2},"minecraft:crafted":{"minecraft:diamond_sword":1,"minecraft:crafting_table":1,"minecraft:stick":4,"minecraft:dark_oak_planks":4}},"DataVersion":3465}