{"stats":{"minecraft:killed":{"minecraft:skeleton":10,"minecraft:zombie":9,"minecraft:spider":2,"mythicmobs:chupacabra":1,"mythicmounts:geckotoalizard":1,"bewitchment:ghost":1},"minecraft:mined":{"minecraft:polished_basalt":3,"minecraft:jungle_leaves":3,"treechop:chopped_log":1,"minecraft:azalea_leaves":1,"minecraft:oak_leaves":1,"minecraft:spawner":8},"minecraft:used":{"minecraft:stone_sword":33,"minecraft:bread":8,"minecraft:iron_pickaxe":11,"minecraft:polished_basalt":3,"spellbladenext:arcane_blade":22,"minecraft:iron_sword":299,"vinery:jungle_grapes_red":2,"minecraft:rotten_flesh":2,"minecraft:bow":6,"minecraft:azalea_leaves":10},"minecraft:killed_by":{"minecraft:skeleton":1,"minecraft:zombie":1},"minecraft:broken":{"minecraft:iron_sword":1},"minecraft:custom":{"minecraft:time_since_rest":3836,"lootr:looted_stat":7,"minecraft:sprint_one_cm":58654,"minecraft:walk_one_cm":94200,"minecraft:damage_taken":5013,"minecraft:damage_absorbed":461,"minecraft:mob_kills":29,"minecraft:damage_dealt":7785,"minecraft:fly_one_cm":679385,"minecraft:crouch_one_cm":17,"minecraft:play_time":43376,"minecraft:deaths":2,"minecraft:sneak_time":1729,"minecraft:walk_under_water_one_cm":2830,"minecraft:jump":378,"minecraft:damage_dealt_resisted":0,"minecraft:walk_on_water_one_cm":25854,"minecraft:time_since_death":3810,"minecraft:climb_one_cm":1817,"minecraft:total_world_time":43376,"minecraft:hex":0,"minecraft:fall_one_cm":7251},"minecraft:picked_up":{"minecraft:jungle_log":5,"minecraft:spider_eye":1,"minecraft:string":1,"minecraft:dark_oak_planks":3,"minecraft:smooth_sandstone":2,"minecraft:bone":5,"minecraft:arrow":10,"minecraft:rotten_flesh":16,"vinery:jungle_grapes_red":2,"mythicmobs:chupacabra_raw_meat":1,"minecraft:polished_basalt":3,"minecraft:jungle_sapling":2,"minecraft:iron_pickaxe":1,"bewitchment:ectoplasm":2,"twigs:twig":2}},"DataVersion":3465}