{"stats":{"minecraft:dropped":{"minecraft:player_head":1,"minecraft:soul_lantern":1,"minecraft:iron_boots":1,"travelersbackpack:standard":1,"minecraft:dirt":5,"minecraft:leather_chestplate":1,"minecraft:diamond_chestplate":2,"bewitchment:ectoplasm":2,"minecraft:jungle_log":5,"travelersbackpack:enderman":1,"minecraft:arrow":15,"minecraft:bow":2,"minecraft:smooth_sandstone":1,"minecraft:bone":3},"minecraft:killed":{"minecraft:spider":6,"minecraft:creeper":1,"bewitchment:ghost":1,"minecraft:skeleton":27,"minecraft:zombie":15,"mythicmobs:chupacabra":1,"minecraft:wither_skeleton":1,"mythicmounts:geckotoalizard":1},"minecraft:used":{"minecraft:stone_sword":33,"minecraft:polished_basalt":3,"spellbladenext:arcane_blade":116,"minecraft:sandstone":9,"minecraft:iron_sword":299,"vinery:jungle_grapes_red":2,"minecraft:player_head":2,"minecraft:rotten_flesh":18,"minecraft:dirt":11,"paladins:diamond_mace":121,"minecraft:crafting_table":1,"minecraft:jungle_planks":1,"paladins:iron_kite_shield":18,"minecraft:black_terracotta":4,"minecraft:dark_oak_planks":4,"spellbladenext:flaming_falchion":12,"minecraft:spruce_wood":1,"minecraft:melon_slice":28,"minecraft:bread":13,"minecraft:iron_pickaxe":85,"minecraft:smooth_sandstone":4,"minecraft:stone_slab":1,"simplyswords:wickpiercer":115,"mythicmobs:chupacabra_raw_meat":1,"minecraft:diamond_sword":177,"minecraft:bow":12,"minecraft:azalea_leaves":13},"minecraft:mined":{"minecraft:dark_oak_planks":2,"minecraft:jungle_leaves":5,"minecraft:melon":8,"minecraft:jungle_planks":1,"minecraft:sandstone":9,"minecraft:spawner":55,"minecraft:polished_basalt":3,"treechop:chopped_log":1,"minecraft:stripped_dark_oak_wood":1,"minecraft:azalea_leaves":2,"minecraft:player_head":2,"minecraft:oak_leaves":1,"minecraft:tripwire":1},"minecraft:killed_by":{"minecraft:wither_skeleton":2,"mutantmonsters:mutant_skeleton":1,"mythicmobs:chupacabra":2,"minecraft:skeleton":6,"minecraft:zombie":1},"minecraft:broken":{"paladins:iron_kite_shield":1,"minecraft:iron_sword":1},"minecraft:custom":{"lootr:looted_stat":52,"minecraft:mob_kills":62,"minecraft:interact_with_crafting_table":1,"minecraft:bell_ring":1,"minecraft:damage_dealt_resisted":0,"minecraft:eat_cake_slice":4,"minecraft:time_since_death":4606,"minecraft:climb_one_cm":2938,"minecraft:damage_resisted":0,"minecraft:hex":0,"minecraft:time_since_rest":4634,"minecraft:sprint_one_cm":416172,"minecraft:damage_absorbed":1857,"minecraft:damage_taken":22228,"minecraft:walk_one_cm":394030,"minecraft:damage_blocked_by_shield":3730,"minecraft:drop":16,"minecraft:damage_dealt":19719,"minecraft:fly_one_cm":1007408,"minecraft:crouch_one_cm":4294,"minecraft:sneak_time":3579,"minecraft:play_time":121376,"minecraft:deaths":12,"minecraft:walk_under_water_one_cm":2830,"minecraft:jump":1534,"minecraft:walk_on_water_one_cm":27755,"minecraft:total_world_time":121376,"minecraft:fall_one_cm":23987},"minecraft:picked_up":{"minecraft:leather_chestplate":1,"minecraft:jungle_log":5,"minecraft:stone_slab":1,"minecraft:dirt":16,"minecraft:string":8,"minecraft:smooth_sandstone":17,"minecraft:bone":17,"minecraft:bow":1,"mythicmobs:chupacabra_raw_meat":1,"minecraft:spruce_wood":1,"minecraft:player_head":4,"minecraft:jungle_sapling":2,"minecraft:melon_slice":35,"minecraft:iron_pickaxe":1,"twigs:twig":2,"minecraft:dark_oak_stairs":1,"minecraft:sandstone":9,"minecraft:dark_oak_slab":2,"minecraft:black_terracotta":4,"minecraft:jungle_planks":1,"minecraft:spider_eye":1,"minecraft:dark_oak_planks":4,"vinery:jungle_grapes_red":2,"minecraft:arrow":28,"paladins:paladin_armor_feet":1,"minecraft:rotten_flesh":22,"minecraft:diamond_chestplate":1,"minecraft:polished_basalt":3,"minecraft:stripped_dark_oak_wood":1,"bewitchment:ectoplasm":2},"minecraft:crafted":{"minecraft:diamond_sword":1,"minecraft:crafting_table":1,"minecraft:stick":4,"minecraft:dark_oak_planks":4}},"DataVersion":3465}