{"stats":{"minecraft:picked_up":{"minecraft:stick":7,"minecraft:cocoa_beans":4,"minecraft:crafting_table":1,"minecraft:jungle_log":6,"promenade:duck":1,"regions_unexplored:flowering_shrub":3,"twigs:bamboo_leaves":2,"bewitchment:belladonna_seeds":1,"promenade:blush_sakura_sapling":3,"croptopia:kumquat":13,"regions_unexplored:daisy":1,"regions_unexplored:tassel":2,"minecraft:dirt":2,"botania:black_mystical_flower":2,"minecraft:rotten_flesh":1,"promenade:sakura_log":9,"minecraft:wheat_seeds":5,"regions_unexplored:redwood_sapling":28,"croptopia:coconut":2,"minecraft:jungle_sapling":4,"minecraft:poppy":1,"minecraft:melon_slice":18,"minecraft:bamboo":6,"twigs:twig":24,"botania:green_mystical_flower":1,"regions_unexplored:redwood_log":175},"minecraft:killed_by":{"tinyskeletons:baby_skeleton":1},"minecraft:mined":{"minecraft:podzol":1,"botania:green_mystical_flower":1,"minecraft:jungle_leaves":19,"treechop:chopped_log":3,"minecraft:crafting_table":1,"promenade:blush_sakura_blossoms":3,"minecraft:grass":22,"minecraft:grass_block":1,"minecraft:vine":1,"minecraft:poppy":1,"minecraft:melon":3,"minecraft:cocoa":2,"minecraft:jungle_log":2,"regions_unexplored:medium_grass":7,"croptopia:coconut_crop":2,"croptopia:kumquat_crop":24,"minecraft:bamboo":1,"regions_unexplored:daisy":1,"minecraft:oak_leaves":2,"regions_unexplored:flowering_shrub":3,"botania:black_mystical_flower":2,"regions_unexplored:tassel":2,"minecraft:fern":6},"minecraft:dropped":{"minecraft:poppy":1},"minecraft:crafted":{"minecraft:crafting_table":1,"minecraft:stick":16,"minecraft:wooden_axe":1,"minecraft:jungle_planks":12},"minecraft:killed":{"minecraft:zombie":2,"promenade:duck":1},"minecraft:custom":{"minecraft:time_since_rest":14457,"minecraft:sprint_one_cm":22199,"minecraft:damage_taken":429,"minecraft:walk_one_cm":50338,"minecraft:mob_kills":3,"minecraft:drop":1,"minecraft:damage_dealt":477,"minecraft:interact_with_crafting_table":1,"minecraft:swim_one_cm":3451,"minecraft:fly_one_cm":62422,"minecraft:play_time":28014,"minecraft:deaths":1,"minecraft:sneak_time":73,"minecraft:walk_under_water_one_cm":2321,"minecraft:damage_dealt_resisted":0,"minecraft:jump":246,"minecraft:damage_resisted":0,"minecraft:time_since_death":14430,"minecraft:walk_on_water_one_cm":550,"minecraft:climb_one_cm":3153,"minecraft:total_world_time":28014,"minecraft:hex":0,"minecraft:fall_one_cm":5285},"minecraft:used":{"minecraft:wooden_axe":41,"minecraft:stone_sword":29,"minecraft:jungle_log":1,"minecraft:dirt":2,"croptopia:kumquat":6,"minecraft:crafting_table":1,"minecraft:jungle_planks":3}},"DataVersion":3465}