{"stats":{"minecraft:dropped":{"minecraft:player_head":1,"minecraft:ender_pearl":1,"minecraft:soul_lantern":1,"minecraft:iron_boots":1,"travelersbackpack:standard":1,"minecraft:dirt":5,"minecraft:leather_chestplate":1,"minecraft:gunpowder":8,"minecraft:diamond_chestplate":2,"bewitchment:ectoplasm":2,"minecraft:jungle_log":5,"travelersbackpack:enderman":1,"minecraft:smooth_sandstone_slab":2,"minecraft:arrow":16,"minecraft:bow":2,"minecraft:smooth_sandstone":1,"minecraft:bone":5},"minecraft:killed":{"graveyard:skeleton_creeper":1,"minecraft:spider":6,"minecraft:creeper":3,"bewitchment:ghost":1,"minecraft:skeleton":36,"mutantmonsters:creeper_minion":1,"minecraft:zombie":18,"creeperoverhaul:jungle_creeper":1,"mythicmobs:chupacabra":1,"mutantmonsters:mutant_creeper":1,"minecraft:wither_skeleton":3,"mythicmounts:geckotoalizard":2},"minecraft:used":{"minecraft:stone_sword":33,"minecraft:polished_basalt":3,"spellbladenext:arcane_blade":116,"minecraft:sandstone":9,"minecraft:iron_sword":299,"vinery:jungle_grapes_red":2,"minecraft:player_head":2,"minecraft:rotten_flesh":20,"minecraft:dirt":13,"expandeddelight:sweet_potato":1,"paladins:diamond_mace":121,"minecraft:crafting_table":1,"minecraft:jungle_planks":1,"minecraft:cod":4,"paladins:iron_kite_shield":18,"minecraft:black_terracotta":4,"minecraft:dark_oak_planks":4,"farmersdelight:tomato":10,"spellbladenext:flaming_falchion":12,"minecraft:spruce_wood":1,"minecraft:melon_slice":35,"minecraft:bread":13,"minecraft:iron_pickaxe":98,"minecraft:smooth_sandstone":16,"minecraft:stone_slab":1,"simplyswords:wickpiercer":386,"travelersbackpack:pumpkin":1,"mythicmobs:chupacabra_raw_meat":1,"minecraft:diamond_sword":177,"minecraft:bow":12,"minecraft:azalea_leaves":13,"minecraft:porkchop":1},"minecraft:mined":{"minecraft:dark_oak_planks":2,"expandeddelight:wild_sweet_potatoes":1,"minecraft:jungle_leaves":5,"minecraft:smooth_sandstone":1,"minecraft:grass_block":2,"minecraft:melon":8,"minecraft:jungle_planks":1,"minecraft:sandstone":9,"minecraft:spawner":67,"minecraft:polished_basalt":3,"treechop:chopped_log":1,"minecraft:stripped_dark_oak_wood":1,"minecraft:dirt":1,"minecraft:azalea_leaves":2,"minecraft:player_head":2,"minecraft:oak_leaves":2,"minecraft:tripwire":1},"minecraft:killed_by":{"minecraft:wither_skeleton":2,"mutantmonsters:mutant_skeleton":1,"mythicmobs:chupacabra":2,"minecraft:skeleton":7,"minecraft:zombie":1},"minecraft:broken":{"paladins:iron_kite_shield":1,"minecraft:iron_sword":1},"minecraft:custom":{"lootr:looted_stat":73,"minecraft:mob_kills":83,"minecraft:interact_with_crafting_table":1,"minecraft:bell_ring":2,"minecraft:damage_dealt_resisted":0,"minecraft:eat_cake_slice":4,"minecraft:time_since_death":17588,"minecraft:climb_one_cm":6578,"minecraft:damage_resisted":0,"minecraft:hex":0,"minecraft:time_since_rest":17657,"minecraft:sprint_one_cm":577642,"minecraft:damage_absorbed":2494,"minecraft:damage_taken":28848,"minecraft:walk_one_cm":617346,"minecraft:damage_blocked_by_shield":3730,"minecraft:drop":23,"minecraft:damage_dealt":28748,"minecraft:talked_to_villager":1,"minecraft:fly_one_cm":1140393,"minecraft:crouch_one_cm":4991,"minecraft:sneak_time":3743,"minecraft:play_time":157376,"minecraft:deaths":14,"minecraft:walk_under_water_one_cm":4038,"minecraft:jump":2064,"minecraft:walk_on_water_one_cm":31412,"minecraft:total_world_time":157376,"minecraft:fall_one_cm":50428},"minecraft:picked_up":{"minecraft:leather_chestplate":1,"minecraft:jungle_log":5,"minecraft:stone_slab":1,"minecraft:gunpowder":8,"expandeddelight:sweet_potato":1,"farmersdelight:tomato":10,"minecraft:dirt":18,"minecraft:string":8,"minecraft:smooth_sandstone":17,"minecraft:bone":28,"minecraft:bow":1,"mythicmobs:chupacabra_raw_meat":1,"bosses_of_mass_destruction:soul_star":1,"minecraft:spruce_wood":1,"minecraft:player_head":4,"minecraft:jungle_sapling":2,"minecraft:melon_slice":35,"minecraft:iron_pickaxe":1,"twigs:twig":2,"minecraft:dark_oak_stairs":1,"minecraft:sandstone":9,"minecraft:dark_oak_slab":2,"minecraft:black_terracotta":4,"minecraft:jungle_planks":1,"minecraft:spider_eye":1,"minecraft:dark_oak_planks":4,"minecraft:smooth_sandstone_slab":2,"vinery:jungle_grapes_red":2,"minecraft:arrow":31,"paladins:paladin_armor_feet":1,"minecraft:rotten_flesh":27,"minecraft:diamond_chestplate":1,"minecraft:polished_basalt":3,"travelersbackpack:pumpkin":1,"minecraft:stripped_dark_oak_wood":1,"bewitchment:ectoplasm":2,"minecraft:coal":1,"minecraft:ender_pearl":1},"minecraft:crafted":{"minecraft:diamond_sword":1,"minecraft:crafting_table":1,"minecraft:stick":4,"minecraft:dark_oak_planks":4}},"DataVersion":3465}