{"stats":{"minecraft:dropped":{"twigs:bamboo_leaves":5,"botania:black_mystical_flower":2,"minecraft:rotten_flesh":1,"regions_unexplored:tassel":2,"regions_unexplored:flowering_shrub":3,"regions_unexplored:daisy":1,"minecraft:poppy":1,"croptopia:kumquat":14,"botania:green_mystical_flower":1,"bewitchment:belladonna_seeds":2},"minecraft:killed":{"promenade:duck":1,"minecells:undead_archer":2,"promenade:sunken_skeleton":2,"minecraft:skeleton":1,"minecraft:zombie":2,"creeperoverhaul:ocean_creeper":3,"minecells:shieldbearer":1,"minecells:grenadier":2},"minecraft:used":{"minecraft:stone_sword":129,"minecraft:chest":3,"minecraft:shield":17,"minecraft:dirt":2,"minecraft:crafting_table":2,"minecraft:jungle_planks":3,"minecraft:wooden_axe":59,"regions_unexplored:redwood_log":3,"minecraft:melon_slice":15,"minecraft:jungle_log":1,"minecells:broadsword":6,"croptopia:kumquat":6},"minecraft:mined":{"minecraft:podzol":1,"botania:green_mystical_flower":1,"minecraft:jungle_leaves":19,"minecraft:crafting_table":1,"promenade:blush_sakura_blossoms":3,"minecraft:grass_block":1,"minecraft:chest":1,"minecraft:poppy":1,"minecraft:melon":12,"minecraft:jungle_log":2,"minecraft:sugar_cane":1,"regions_unexplored:daisy":1,"botania:black_mystical_flower":2,"treechop:chopped_log":4,"minecraft:grass":28,"minecraft:oak_log":1,"minecraft:cocoa":4,"minecraft:vine":1,"regions_unexplored:medium_grass":7,"croptopia:kumquat_crop":24,"minecraft:bamboo":1,"minecraft:oak_leaves":7,"croptopia:coconut_crop":2,"regions_unexplored:flowering_shrub":3,"regions_unexplored:tassel":2,"minecraft:fern":8},"minecraft:killed_by":{"creeperoverhaul:ocean_creeper":2,"tinyskeletons:baby_skeleton":1},"minecraft:broken":{"minecraft:wooden_axe":1},"minecraft:custom":{"lootr:looted_stat":5,"minecraft:mob_kills":14,"minecraft:interact_with_crafting_table":3,"minecraft:damage_dealt_resisted":0,"minecraft:time_since_death":16173,"minecraft:climb_one_cm":5878,"minecraft:damage_resisted":0,"minecraft:hex":0,"minecraft:time_since_rest":16200,"minecraft:sprint_one_cm":62157,"minecraft:damage_taken":1699,"minecraft:walk_one_cm":156132,"minecraft:damage_blocked_by_shield":350,"minecraft:drop":11,"minecraft:damage_dealt":2795,"minecraft:swim_one_cm":32289,"minecraft:fly_one_cm":115255,"minecraft:open_chest":1,"minecraft:crouch_one_cm":207,"minecraft:play_time":63416,"minecraft:deaths":3,"minecraft:sneak_time":127,"minecraft:walk_under_water_one_cm":20666,"minecraft:jump":621,"minecraft:walk_on_water_one_cm":25028,"minecraft:total_world_time":63416,"minecraft:fall_one_cm":15278},"minecraft:picked_up":{"minecraft:cocoa_beans":10,"minecraft:crafting_table":1,"minecraft:salmon":2,"minecraft:jungle_log":6,"regions_unexplored:flowering_shrub":3,"minecraft:oak_log":16,"promenade:blush_sakura_sapling":3,"croptopia:kumquat":20,"minecraft:gunpowder":2,"minecraft:horn_coral":3,"minecraft:fire_coral":4,"regions_unexplored:tassel":2,"minecraft:dirt":2,"botania:black_mystical_flower":2,"minecraft:bone":4,"twigs:opaline_seashell":1,"minecraft:apple":1,"promenade:sakura_log":9,"minecraft:wheat_seeds":5,"regions_unexplored:redwood_sapling":28,"minecraft:chest":1,"croptopia:coconut":2,"minecraft:jungle_sapling":4,"minecraft:poppy":1,"minecraft:melon_slice":63,"minecraft:bamboo":16,"twigs:twig":32,"minecraft:sugar_cane":2,"regions_unexplored:redwood_log":175,"minecells:guts":2,"minecraft:stick":7,"promenade:duck":1,"minecells:monster_cell":1,"minecells:infected_flesh":2,"twigs:bamboo_leaves":5,"bewitchment:belladonna_seeds":2,"regions_unexplored:daisy":1,"minecraft:arrow":7,"minecraft:rotten_flesh":1,"minecells:explosive_bulb":2,"minecraft:oak_sapling":13,"botania:green_mystical_flower":1,"minecraft:cod":2},"minecraft:crafted":{"minecraft:oak_planks":16,"minecraft:crafting_table":1,"minecraft:jungle_planks":12,"minecraft:stick":16,"minecraft:wooden_axe":1,"minecraft:chest":2}},"DataVersion":3465}