{"stats":{"minecraft:dropped":{"minecraft:moss_block":11,"minecraft:diamond_axe":1,"minecraft:oak_log":40,"minecraft:leather":4,"minecraft:jungle_planks":9,"regions_unexplored:flowering_shrub":3,"minecells:nutcracker":1,"techreborn:raw_tin":12,"archon:diamond_mana_catalyst":1,"botania:green_mystical_flower":1,"minecells:throwing_knife":1,"beachparty:rubber_ring_pelican":2,"minecraft:wooden_sword":4,"minecraft:axolotl_bucket":1,"ftbquests:book":1,"bewitchment:belladonna_seeds":4,"twigs:twig":2,"minecraft:gravel":1,"bewitchment:salt":1,"minecraft:rotten_flesh":1,"expandeddelight:sweet_potato":6,"techreborn:tin_ingot":4,"minecells:balanced_blade":1,"travelersbackpack:iron_golem":1,"minecraft:jungle_log":192,"minecraft:arrow":18,"minecraft:water_bucket":1,"minecraft:wheat_seeds":64,"travelersbackpack:bookshelf":1,"minecraft:iron_helmet":1,"botania:gray_mystical_flower":1,"regions_unexplored:tassel":2,"regions_unexplored:daisy":2,"minecraft:stick":4,"archon:mana_catalyst":1,"minecraft:gray_wool":1,"minecells:putrid_fence":2,"minecraft:wooden_axe":2,"minecraft:orange_bed":2,"twigs:opaline_seashell":1,"minecraft:moss_carpet":1,"twigs:roseate_seashell":1,"minecraft:raw_copper":4,"twigs:tangerine_seashell":2,"minecells:putrid_boards":8,"minecells:health_flask":5,"minecraft:bow":1,"minecraft:stone_pickaxe":1,"minecraft:wooden_pickaxe":1,"wizards:wizard_robe_head":1},"minecraft:killed":{"minecraft:spider":1,"promenade:sunken_skeleton":5,"minecraft:skeleton":7,"friendsandfoes:glare":1,"minecells:leaping_zombie":10,"minecells:protector":1,"minecells:grenadier":3,"minecraft:sheep":3,"minecraft:zombie":7,"minecells:shieldbearer":3,"minecells:mutated_bat":5,"minecells:undead_archer":4,"bewitchment:ghost":1,"friendsandfoes:mauler":1,"minecells:runner":1,"minecraft:squid":3,"minecraft:enderman":1},"minecraft:used":{"minecraft:writable_book":1,"croptopia:calamari":3,"minecraft:chest":13,"minecraft:rotten_flesh":6,"minecells:cage":1,"minecraft:jungle_planks":2,"minecraft:axolotl_bucket":1,"minecraft:obsidian":14,"beachparty:rubber_ring_axolotl":1,"minecraft:lantern":1,"minecells:broadsword":31,"minecells:balanced_blade":11,"minecraft:hay_block":4,"minecraft:furnace":5,"minecraft:gold_block":1,"simplyswords:gold_spear":1,"minecraft:stone_pickaxe":210,"minecraft:oak_planks":1,"minecraft:wooden_pickaxe":3,"spellbladenext:arcane_blade":13,"travelersbackpack:iron_golem":7,"minecraft:diamond_axe":251,"minecraft:jungle_boat":2,"minecraft:white_wool":2,"minecraft:glow_berries":8,"minecraft:sand":8,"simplyswords:diamond_claymore":44,"simplyswords:watcher_claymore":91,"minecraft:melon_slice":21,"minecraft:bread":19,"minecraft:diamond_ore":19,"minecraft:wooden_sword":1,"minecraft:stone_sword":33,"minecraft:carved_pumpkin":4,"simplyswords:gold_sai":11,"minecraft:orange_bed":1,"minecraft:torch":88,"minecraft:dirt":3,"minecraft:anvil":1,"minecells:blood_sword":17,"archon:channeler":1,"minecraft:cobbled_deepslate":15,"promenade:palm_log":7,"minecraft:water_bucket":28,"archon:diamond_mana_catalyst":1,"minecells:putrid_board_block":5,"minecraft:crafting_table":8,"minecraft:diamond_pickaxe":50,"runes:crafting_altar":1,"travelersbackpack:bookshelf":49,"minecraft:iron_pickaxe":624,"archon:scripture_table":2,"minecraft:cobblestone":23,"travelersbackpack:standard":34,"minecraft:bucket":32},"minecraft:mined":{"create:deepslate_zinc_ore":25,"minecells:putrid_fence":5,"minecraft:jungle_leaves":5,"indrev:deepslate_tungsten_ore":4,"minecraft:obsidian":24,"minecraft:carved_pumpkin":4,"minecraft:cave_vines_plant":5,"minecraft:grass_block":3,"minecraft:jungle_log":14,"modern_industrialization:lignite_coal_ore":1,"minecells:putrid_board_block":1,"regions_unexplored:blue_bioshroom":10,"minecraft:tall_seagrass":1,"botania:cyan_mushroom":1,"minecraft:raw_iron_block":1,"minecraft:magma_block":8,"minecraft:iron_ore":5,"minecraft:cobbled_deepslate":2,"techreborn:deepslate_lead_ore":33,"minecraft:moss_carpet":1,"create:asurine":19,"minecells:prison_torch":4,"minecraft:cave_vines":15,"minecraft:azalea":7,"bewitchment:deepslate_salt_ore":1,"techreborn:deepslate_galena_ore":2,"minecraft:orange_bed":1,"minecraft:deepslate_redstone_ore":3,"ironchests:copper_chest":1,"botania:orange_mystical_flower":1,"techreborn:deepslate_bauxite_ore":10,"soulsweapons:verglas_ore_deepslate":1,"minecraft:kelp_plant":15,"twigs:azalea_flowers":4,"minecraft:clay":9,"minecraft:torch":10,"techreborn:deepslate_tin_ore":4,"minecraft:melon":21,"minecells:skeleton":1,"minecraft:chest":12,"minecraft:dead_bush":1,"indrev:sulfur_crystal":7,"botania:brown_mushroom":1,"minecraft:cobblestone":2,"minecraft:oak_planks":1,"minecraft:sugar_cane":1,"minecells:alchemy_equipment_2":1,"minecraft:wall_torch":7,"modern_industrialization:deepslate_lignite_coal_ore":64,"minecraft:skeleton_skull":1,"modern_industrialization:deepslate_uranium_ore":2,"minecraft:grass":20,"minecraft:oak_log":1,"minecraft:dirt":4,"twigs:rhyolite":5,"minecraft:stonecutter":1,"minecraft:oak_leaves":38,"minecraft:deepslate":69,"techreborn:sapphire_ore":6,"minecraft:diamond_ore":19,"powah:deepslate_uraninite_ore":5,"regions_unexplored:green_bioshroom":8,"minecraft:tuff":1,"minecraft:deepslate_diamond_ore":2,"modern_industrialization:deepslate_antimony_ore":5,"minecells:rotting_corpse":1,"minecells:prison_stone":2,"indrev:deepslate_lead_ore":1,"minecraft:kelp":13,"minecraft:moss_block":24,"minecraft:cartography_table":1,"minecraft:hay_block":4,"minecraft:furnace":3,"techreborn:lead_ore":5,"minecraft:acacia_stairs":1,"treechop:chopped_log":22,"indrev:deepslate_nikolite_ore":15,"minecraft:big_dripleaf_stem":1,"soulsweapons:moonstone_ore_deepslate":5,"minecraft:bookshelf":1,"minecraft:deepslate_iron_ore":28,"minecraft:vine":29,"bewitchment:salt_ore":1,"minecraft:lantern":1,"minecells:cage":1,"modern_industrialization:deepslate_nickel_ore":1,"minecraft:bamboo":8,"minecraft:stone":159,"twigs:opaline_seashell":6,"regions_unexplored:deepslate_viridescent_nylium":3,"minecells:alchemy_equipment_1":1,"regions_unexplored:redwood_shrub":8,"minecells:putrid_boards":2,"twigs:pebble":8,"minecraft:flowering_azalea":6,"archon:scripture_table":1,"techreborn:deepslate_silver_ore":28,"regions_unexplored:pink_bioshroom":6,"minecraft:crafting_table":7,"twigs:roseate_seashell":1,"minecraft:lectern":1,"minecraft:copper_ore":6,"minecraft:tall_grass":7,"minecraft:deepslate_gold_ore":2,"minecraft:lily_pad":1,"minecraft:big_dripleaf":3,"techreborn:tin_ore":15,"supplementaries:urn":1,"jewelry:deepslate_gem_vein":2,"techreborn:ruby_ore":4,"twigs:tangerine_seashell":2,"modern_industrialization:antimony_ore":5,"minecraft:white_carpet":1,"snifferplus:ivy_head":2,"regions_unexplored:sandy_grass":1,"minecraft:coal_ore":123,"minecraft:cocoa":3,"minecraft:gravel":5,"regions_unexplored:green_bioshroom_stem":3,"botania:gray_mystical_flower":1,"minecraft:fern":9},"minecraft:killed_by":{"graveyard:skeleton_creeper":1,"minecells:mutated_bat":1,"creeperoverhaul:ocean_creeper":1,"minecraft:player":5,"minecells:leaping_zombie":1,"spellbladenext:magister":1,"minecells:runner":1},"minecraft:broken":{"minecraft:iron_pickaxe":1},"minecraft:custom":{"lootr:looted_stat":118,"minecraft:interact_with_crafting_table":66,"minecraft:leave_game":2,"minecraft:time_since_death":149376,"minecraft:damage_resisted":120,"minecraft:sprint_one_cm":438845,"minecraft:drop":78,"minecraft:talked_to_villager":7,"minecraft:play_time":456471,"minecraft:deaths":12,"minecraft:jump":3600,"minecraft:interact_with_brewingstand":3,"minecraft:walk_on_water_one_cm":119334,"minecraft:interact_with_furnace":15,"minecraft:interact_with_cartography_table":1,"minecraft:sleep_in_bed":9,"minecraft:damage_dealt":14369,"minecraft:interact_with_smoker":1,"minecraft:interact_with_smithing_table":1,"minecraft:interact_with_anvil":2,"minecraft:mob_kills":59,"minecraft:damage_dealt_resisted":4,"minecraft:climb_one_cm":20057,"minecraft:walk_one_cm":1160759,"minecraft:sneak_time":164,"minecraft:walk_under_water_one_cm":31357,"minecraft:boat_one_cm":22401,"minecraft:interact_with_lectern":1,"minecraft:total_world_time":456471,"minecraft:interact_with_grindstone":2,"minecraft:hex":0,"minecraft:time_since_rest":73216,"minecraft:damage_taken":7334,"minecraft:damage_absorbed":79,"minecraft:swim_one_cm":18,"minecraft:fly_one_cm":251749,"minecraft:open_chest":402,"minecraft:threat":7,"minecraft:fall_one_cm":73486},"minecraft:picked_up":{"minecraft:wooden_axe":1,"techreborn:raw_tin":43,"beachparty:rubber_ring_axolotl":2,"simplyswords:watcher_claymore":1,"twigs:roseate_seashell":1,"soulsweapons:moonstone":3,"minecraft:enchanted_book":2,"croptopia:calamari":3,"minecraft:string":2,"minecraft:raw_copper":32,"minecraft:cobbled_deepslate":82,"minecraft:bucket":3,"twigs:pebble":18,"modern_industrialization:raw_uranium":2,"minecraft:bubble_coral":1,"minecraft:azalea":8,"minecraft:iron_pickaxe":3,"minecraft:melon_slice":146,"regions_unexplored:redwood_log":108,"minecraft:furnace":4,"minecells:guts":13,"minecraft:stick":25,"minecraft:big_dripleaf":8,"minecraft:torch":30,"botania:black_mushroom":1,"twigs:bamboo_leaves":57,"minecraft:porkchop":1,"minecraft:diorite":2,"minecells:putrid_fence":7,"regions_unexplored:daisy":2,"simplyswords:gold_spear":1,"minecraft:orange_bed":5,"indrev:raw_lead":1,"minecraft:rotten_flesh":50,"regions_unexplored:green_bioshroom":18,"create:scoria":5,"minecells:putrid_board_block":1,"minecraft:carved_pumpkin":4,"create:asurine":50,"supplementaries:ash":7,"minecraft:obsidian":24,"twigs:tangerine_seashell":2,"minecraft:cobblestone":192,"archon:cloudshot_tome":1,"botania:cyan_mushroom":1,"minecraft:magma_block":2,"archon:glisteel_ingot":9,"minecraft:water_bucket":1,"minecraft:jungle_log":1375,"regions_unexplored:flowering_shrub":3,"techreborn:tin_ingot":9,"minecraft:flint":2,"minecraft:tuff":2,"create:raw_zinc":26,"supplementaries:flax_seeds":2,"minecraft:horn_coral":19,"minecraft:lapis_lazuli":1,"lootr:trophy":1,"minecraft:dirt":15,"minecraft:lantern":1,"minecraft:bone":18,"travelersbackpack:bookshelf":2,"minecraft:bow":1,"minecraft:stonecutter":1,"minecraft:wheat_seeds":174,"minecraft:raw_gold":2,"ftbquests:book":1,"jewelry:sapphire":1,"regions_unexplored:pink_bioshroom":6,"minecraft:bamboo":80,"minecraft:moss_block":27,"twigs:twig":175,"botania:gray_mystical_flower":1,"minecraft:oak_planks":2,"techreborn:raw_lead":47,"minecraft:jungle_planks":18,"minecraft:sand":2,"twigs:azalea_flowers":5,"minecraft:ink_sac":7,"minecells:metal_shards":3,"techreborn:sapphire_gem":10,"indrev:sulfur_crystal":19,"techreborn:peridot_gem":1,"beachparty:rubber_ring_pelican":3,"minecells:explosive_bulb":3,"minecraft:diamond":27,"minecraft:writable_book":1,"minecraft:crossbow":2,"regions_unexplored:redwood_shrub":8,"minecells:bloomrock":21,"soulsweapons:verglas":1,"minecraft:bread":39,"bewitchment:ectoplasm":2,"indrev:nikolite_dust":64,"minecraft:oak_sapling":111,"twigs:rhyolite":3,"minecells:throwing_knife":1,"botania:brown_mushroom":1,"minecraft:crafting_table":8,"minecraft:cocoa_beans":27,"minecells:putrid_sapling":2,"modern_industrialization:lignite_coal":83,"minecraft:clay_ball":44,"minecraft:gold_block":1,"regions_unexplored:blue_bioshroom":17,"croptopia:kumquat":7,"minecraft:shield":1,"minecells:bloomrock_tiles":40,"minecraft:fire_coral":20,"minecraft:moss_carpet":4,"minecraft:wooden_sword":2,"minecraft:compass":2,"twigs:opaline_seashell":6,"techreborn:raw_silver":27,"minecraft:cartography_table":1,"minecells:nutcracker":1,"minecells:vine_rune":2,"minecraft:jungle_sapling":125,"minecraft:lectern":1,"minecraft:chest":12,"minecraft:sugar_cane":3,"spellbladenext:arcane_blade":1,"minecraft:egg":1,"minecraft:raw_iron":33,"minecells:bloomrock_bricks":13,"minecells:monsters_eye":4,"techreborn:ruby_gem":6,"regions_unexplored:green_bioshroom_stem":11,"minecraft:redstone":13,"minecraft:arrow":35,"jewelry:ruby":1,"minecraft:hay_block":4,"minecraft:mutton":4,"botania:green_mystical_flower":1,"minecraft:glow_berries":9,"minecells:broadsword":2,"minecraft:skeleton_skull":2,"minecraft:white_wool":2,"archon:diamond_mana_catalyst":1,"minecraft:jungle_boat":3,"modern_industrialization:raw_antimony":15,"minecells:putrid_boards":8,"minecraft:salmon":2,"minecraft:leather":4,"regions_unexplored:blue_bioshroom_stem":15,"minecraft:oak_log":154,"minecraft:lily_pad":1,"minecraft:gunpowder":5,"bewitchment:aconite_seeds":1,"minecells:cage":1,"regions_unexplored:tassel":2,"minecraft:paper":38,"minecells:health_flask":16,"botania:black_mystical_flower":2,"promenade:palm_log":7,"minecraft:apple":1,"minecraft:kelp":117,"minecells:prison_torch":8,"bewitchment:mandrake_seeds":1,"minecraft:iron_ingot":5,"minecraft:stone_pickaxe":7,"techreborn:deepslate_bauxite_ore":10,"minecraft:flowering_azalea":6,"minecraft:book":10,"minecells:prison_cobblestone":2,"minecells:monster_cell":82,"minecells:infected_flesh":15,"minecraft:raw_iron_block":1,"minecraft:gravel":6,"bewitchment:belladonna_seeds":12,"bewitchment:salt":6,"powah:uraninite_raw":10,"minecraft:leather_helmet":1,"travelersbackpack:standard":1,"minecells:multiple_nocks_bow":1,"archon:scripture_table":2,"modern_industrialization:raw_nickel":1,"botania:orange_mystical_flower":1,"minecraft:diamond_axe":2,"minecraft:gray_wool":1,"minecraft:coal":121,"minecraft:ender_pearl":1},"minecraft:crafted":{"minecraft:smooth_stone":5,"minecraft:stone":5,"wizards:wizard_robe_legs":1,"wizards:wand_novice":1,"techreborn:lead_ingot":4,"minecraft:chest":3,"archon:diamond_mana_catalyst":1,"wizards:wizard_robe_feet":1,"minecraft:diamond_axe":1,"minecraft:crafting_table":2,"minecraft:jungle_boat":1,"minecraft:wooden_pickaxe":1,"minecraft:copper_ingot":56,"minecraft:diamond_pickaxe":1,"minecraft:charcoal":1,"wizards:wizard_robe_head":2,"minecraft:stick":46,"minecraft:iron_ingot":20,"wizards:wizard_robe_chest":1,"minecraft:iron_pickaxe":3,"runes:crafting_altar":1,"minecraft:iron_block":3,"minecraft:stone_sword":1,"archon:mana_catalyst":1,"minecraft:wooden_sword":2,"minecraft:furnace":2,"minecraft:flint_and_steel":1,"techreborn:tin_ingot":3,"minecraft:stone_pickaxe":4,"archon:channeler":1,"minecraft:jungle_planks":80,"archon:grimoire":1,"minecraft:white_wool":8,"minecraft:wooden_axe":1,"minecraft:anvil":1,"minecraft:torch":52}},"DataVersion":3465}