{"stats":{"minecraft:dropped":{"minecraft:rotten_flesh":1,"regions_unexplored:tassel":2,"twigs:opaline_seashell":1,"regions_unexplored:daisy":2,"botania:green_mystical_flower":1,"regions_unexplored:flowering_shrub":3},"minecraft:mined":{"minecraft:grass":5,"minecraft:melon":13,"minecraft:cocoa":2,"twigs:opaline_seashell":2,"minecraft:sugar_cane":1,"minecraft:bamboo":7,"minecraft:fern":2},"minecraft:custom":{"minecraft:time_since_rest":9572,"minecraft:play_time":9572,"minecraft:sprint_one_cm":8141,"minecraft:damage_taken":30,"minecraft:walk_one_cm":38564,"minecraft:walk_under_water_one_cm":1712,"minecraft:drop":7,"minecraft:damage_dealt_resisted":0,"minecraft:jump":152,"minecraft:damage_dealt":9,"minecraft:walk_on_water_one_cm":4047,"minecraft:time_since_death":9572,"minecraft:total_world_time":9572,"minecraft:climb_one_cm":2679,"minecraft:hex":0,"minecraft:fly_one_cm":922,"minecraft:fall_one_cm":3549},"minecraft:picked_up":{"botania:black_mystical_flower":2,"minecraft:cocoa_beans":2,"twigs:opaline_seashell":2,"minecraft:rotten_flesh":1,"regions_unexplored:flowering_shrub":3,"twigs:bamboo_leaves":18,"minecraft:sugar_cane":3,"bewitchment:belladonna_seeds":2,"minecraft:oak_log":10,"twigs:twig":2,"minecraft:oak_sapling":7,"croptopia:kumquat":7,"minecraft:bamboo":74,"minecraft:melon_slice":55,"botania:green_mystical_flower":1,"regions_unexplored:tassel":2,"regions_unexplored:daisy":2,"minecraft:egg":1}},"DataVersion":3465}