{"stats":{"minecraft:dropped":{"twigs:roseate_seashell":1,"minecraft:rotten_flesh":1,"botania:gray_mystical_flower":1,"regions_unexplored:tassel":2,"regions_unexplored:flowering_shrub":3,"regions_unexplored:daisy":2,"twigs:tangerine_seashell":2,"minecraft:gray_wool":1,"botania:green_mystical_flower":1,"twigs:opaline_seashell":1},"minecraft:killed":{"promenade:sunken_skeleton":2,"minecraft:sheep":3,"friendsandfoes:mauler":1},"minecraft:mined":{"regions_unexplored:redwood_shrub":8,"twigs:pebble":6,"botania:orange_mystical_flower":1,"minecraft:kelp_plant":15,"minecraft:carved_pumpkin":4,"minecraft:melon":13,"twigs:roseate_seashell":1,"minecraft:dead_bush":1,"minecraft:lily_pad":1,"minecraft:sugar_cane":1,"minecraft:kelp":13,"minecraft:hay_block":4,"minecraft:tall_seagrass":1,"twigs:tangerine_seashell":2,"treechop:chopped_log":2,"regions_unexplored:sandy_grass":1,"minecraft:grass":7,"minecraft:vine":3,"minecraft:cocoa":2,"minecraft:dirt":1,"botania:gray_mystical_flower":1,"minecraft:bamboo":7,"twigs:opaline_seashell":6,"minecraft:fern":3},"minecraft:used":{"promenade:palm_log":7,"minecraft:stone_sword":33,"minecraft:carved_pumpkin":4,"minecraft:melon_slice":9,"minecraft:hay_block":4},"minecraft:killed_by":{"graveyard:skeleton_creeper":1},"minecraft:custom":{"minecraft:mob_kills":7,"minecraft:damage_dealt_resisted":0,"minecraft:time_since_death":3253,"minecraft:climb_one_cm":2679,"minecraft:damage_resisted":0,"minecraft:hex":0,"minecraft:time_since_rest":3305,"minecraft:sprint_one_cm":29515,"minecraft:damage_taken":489,"minecraft:walk_one_cm":111230,"minecraft:drop":11,"minecraft:damage_dealt":882,"minecraft:fly_one_cm":8758,"minecraft:play_time":33572,"minecraft:deaths":1,"minecraft:walk_under_water_one_cm":2985,"minecraft:jump":428,"minecraft:walk_on_water_one_cm":59598,"minecraft:total_world_time":33572,"minecraft:fall_one_cm":10390},"minecraft:picked_up":{"minecraft:cocoa_beans":2,"minecraft:jungle_log":111,"minecraft:salmon":2,"twigs:roseate_seashell":1,"regions_unexplored:flowering_shrub":3,"minecraft:oak_log":10,"minecraft:lily_pad":1,"croptopia:kumquat":7,"minecraft:fire_coral":6,"minecraft:horn_coral":8,"regions_unexplored:tassel":2,"minecraft:dirt":1,"botania:black_mystical_flower":2,"twigs:opaline_seashell":6,"minecraft:bone":3,"promenade:palm_log":7,"minecraft:kelp":39,"twigs:pebble":6,"minecraft:jungle_sapling":4,"twigs:twig":7,"minecraft:bamboo":74,"minecraft:melon_slice":55,"minecraft:sugar_cane":3,"botania:gray_mystical_flower":1,"minecraft:egg":1,"minecraft:stick":1,"twigs:bamboo_leaves":18,"bewitchment:belladonna_seeds":3,"regions_unexplored:daisy":2,"minecraft:arrow":3,"minecraft:rotten_flesh":1,"botania:orange_mystical_flower":1,"minecraft:hay_block":4,"minecraft:crossbow":1,"regions_unexplored:redwood_shrub":8,"minecraft:carved_pumpkin":4,"minecraft:gray_wool":1,"minecraft:oak_sapling":7,"botania:green_mystical_flower":1,"minecraft:mutton":4,"twigs:tangerine_seashell":2,"minecraft:white_wool":2}},"DataVersion":3465}