{"stats":{"minecraft:mined":{"minecraft:grass":7,"minecraft:oak_log":1,"minecraft:melon":6,"minecraft:vine":1,"croptopia:fig_crop":5,"minecraft:jungle_leaves":5,"treechop:chopped_log":1,"minecraft:oak_leaves":1,"minecraft:fern":3},"minecraft:used":{"minecraft:oak_log":1},"minecraft:custom":{"minecraft:time_since_rest":2702,"minecraft:play_time":2702,"minecraft:sprint_one_cm":2254,"minecraft:damage_taken":17,"minecraft:walk_one_cm":5425,"minecraft:jump":24,"minecraft:time_since_death":2702,"minecraft:total_world_time":2702,"minecraft:climb_one_cm":873,"minecraft:hex":0,"minecraft:fly_one_cm":1596,"minecraft:fall_one_cm":849},"minecraft:picked_up":{"minecraft:apple":1,"minecraft:wheat_seeds":1,"bewitchment:mandrake_seeds":2,"bewitchment:belladonna_seeds":1,"minecraft:oak_log":6,"minecraft:melon_slice":31,"croptopia:fig":5,"minecraft:oak_sapling":3,"twigs:twig":5,"bewitchment:aconite_seeds":1,"vinery:jungle_grape_seeds_white":4}},"DataVersion":3465}