{"stats":{"minecraft:dropped":{"minecraft:moss_block":11,"minecraft:diamond_axe":1,"minecraft:oak_log":40,"minecraft:jungle_planks":9,"regions_unexplored:flowering_shrub":3,"minecells:nutcracker":1,"techreborn:raw_tin":12,"botania:green_mystical_flower":1,"minecells:throwing_knife":1,"beachparty:rubber_ring_pelican":2,"minecraft:wooden_sword":4,"minecraft:axolotl_bucket":1,"bewitchment:belladonna_seeds":4,"minecraft:gravel":1,"bewitchment:salt":1,"minecraft:rotten_flesh":1,"expandeddelight:sweet_potato":6,"techreborn:tin_ingot":4,"minecells:balanced_blade":1,"travelersbackpack:iron_golem":1,"minecraft:jungle_log":192,"minecraft:arrow":12,"minecraft:water_bucket":1,"minecraft:wheat_seeds":64,"travelersbackpack:bookshelf":1,"minecraft:iron_helmet":1,"botania:gray_mystical_flower":1,"regions_unexplored:tassel":2,"regions_unexplored:daisy":2,"minecraft:stick":4,"minecraft:gray_wool":1,"minecells:putrid_fence":2,"minecraft:wooden_axe":2,"minecraft:orange_bed":2,"twigs:opaline_seashell":1,"minecraft:moss_carpet":1,"minecraft:raw_copper":4,"twigs:roseate_seashell":1,"twigs:tangerine_seashell":2,"minecells:health_flask":5,"minecraft:stone_pickaxe":1,"minecraft:wooden_pickaxe":1},"minecraft:killed":{"promenade:sunken_skeleton":2,"minecells:leaping_zombie":8,"minecells:protector":1,"minecells:grenadier":3,"minecraft:sheep":3,"minecraft:zombie":2,"minecells:shieldbearer":3,"minecells:mutated_bat":4,"minecells:undead_archer":4,"friendsandfoes:mauler":1,"minecells:runner":1},"minecraft:used":{"minecraft:writable_book":1,"minecraft:chest":8,"minecraft:rotten_flesh":1,"minecells:cage":1,"beachparty:rubber_ring_axolotl":1,"minecraft:lantern":1,"minecells:broadsword":31,"minecells:balanced_blade":11,"minecraft:hay_block":4,"minecraft:furnace":4,"simplyswords:gold_spear":1,"minecraft:stone_pickaxe":210,"minecraft:wooden_pickaxe":3,"travelersbackpack:iron_golem":7,"minecraft:diamond_axe":251,"minecraft:jungle_boat":2,"minecraft:white_wool":2,"minecraft:glow_berries":8,"minecraft:sand":8,"minecraft:melon_slice":21,"minecraft:bread":11,"minecraft:diamond_ore":19,"minecraft:wooden_sword":1,"minecraft:stone_sword":33,"minecraft:carved_pumpkin":4,"simplyswords:gold_sai":11,"minecraft:orange_bed":1,"minecraft:torch":64,"minecraft:dirt":3,"promenade:palm_log":7,"minecraft:water_bucket":12,"minecells:putrid_board_block":2,"minecraft:crafting_table":8,"travelersbackpack:bookshelf":35,"minecraft:iron_pickaxe":477,"minecraft:cobblestone":18,"travelersbackpack:standard":27,"minecraft:bucket":15},"minecraft:mined":{"create:deepslate_zinc_ore":24,"minecells:putrid_fence":5,"minecraft:jungle_leaves":5,"minecraft:carved_pumpkin":4,"minecraft:cave_vines_plant":5,"minecraft:grass_block":3,"minecraft:jungle_log":14,"modern_industrialization:lignite_coal_ore":1,"minecells:putrid_board_block":1,"regions_unexplored:blue_bioshroom":10,"minecraft:tall_seagrass":1,"minecraft:magma_block":8,"minecraft:iron_ore":5,"techreborn:deepslate_lead_ore":18,"minecraft:moss_carpet":1,"minecells:prison_torch":4,"create:asurine":19,"minecraft:cave_vines":15,"minecraft:azalea":7,"techreborn:deepslate_galena_ore":2,"minecraft:orange_bed":1,"minecraft:deepslate_redstone_ore":3,"botania:orange_mystical_flower":1,"techreborn:deepslate_bauxite_ore":7,"minecraft:kelp_plant":15,"twigs:azalea_flowers":4,"minecraft:clay":8,"minecraft:torch":1,"techreborn:deepslate_tin_ore":3,"minecraft:melon":21,"minecraft:chest":5,"minecraft:dead_bush":1,"indrev:sulfur_crystal":6,"minecraft:cobblestone":1,"minecraft:sugar_cane":1,"minecells:alchemy_equipment_2":1,"minecraft:wall_torch":2,"modern_industrialization:deepslate_lignite_coal_ore":23,"minecraft:skeleton_skull":1,"modern_industrialization:deepslate_uranium_ore":2,"minecraft:grass":20,"minecraft:oak_log":1,"minecraft:dirt":4,"twigs:rhyolite":4,"minecraft:stonecutter":1,"minecraft:oak_leaves":38,"minecraft:deepslate":40,"techreborn:sapphire_ore":6,"minecraft:diamond_ore":19,"powah:deepslate_uraninite_ore":1,"regions_unexplored:green_bioshroom":8,"minecraft:tuff":1,"modern_industrialization:deepslate_antimony_ore":5,"minecells:rotting_corpse":1,"minecells:prison_stone":2,"indrev:deepslate_lead_ore":1,"minecraft:moss_block":24,"minecraft:cartography_table":1,"minecraft:kelp":13,"minecraft:hay_block":4,"minecraft:furnace":3,"techreborn:lead_ore":5,"minecraft:acacia_stairs":1,"treechop:chopped_log":22,"indrev:deepslate_nikolite_ore":12,"minecraft:big_dripleaf_stem":1,"minecraft:bookshelf":1,"minecraft:deepslate_iron_ore":24,"minecraft:vine":29,"bewitchment:salt_ore":1,"minecraft:lantern":1,"minecells:cage":1,"minecraft:bamboo":8,"minecraft:stone":132,"regions_unexplored:deepslate_viridescent_nylium":3,"twigs:opaline_seashell":6,"minecells:alchemy_equipment_1":1,"regions_unexplored:redwood_shrub":8,"twigs:pebble":8,"minecraft:flowering_azalea":6,"techreborn:deepslate_silver_ore":22,"regions_unexplored:pink_bioshroom":6,"minecraft:crafting_table":7,"twigs:roseate_seashell":1,"minecraft:lectern":1,"minecraft:tall_grass":6,"minecraft:copper_ore":6,"minecraft:deepslate_gold_ore":2,"minecraft:lily_pad":1,"minecraft:big_dripleaf":3,"techreborn:tin_ore":15,"supplementaries:urn":1,"techreborn:ruby_ore":4,"twigs:tangerine_seashell":2,"modern_industrialization:antimony_ore":5,"minecraft:white_carpet":1,"regions_unexplored:sandy_grass":1,"minecraft:coal_ore":123,"minecraft:cocoa":3,"minecraft:gravel":2,"regions_unexplored:green_bioshroom_stem":3,"botania:gray_mystical_flower":1,"minecraft:fern":9},"minecraft:killed_by":{"graveyard:skeleton_creeper":1,"minecells:mutated_bat":1,"creeperoverhaul:ocean_creeper":1,"minecraft:player":3,"minecells:leaping_zombie":1,"minecells:runner":1},"minecraft:broken":{"minecraft:iron_pickaxe":1},"minecraft:custom":{"lootr:looted_stat":103,"minecraft:interact_with_crafting_table":26,"minecraft:leave_game":1,"minecraft:time_since_death":8833,"minecraft:damage_resisted":62,"minecraft:sprint_one_cm":311858,"minecraft:drop":64,"minecraft:talked_to_villager":5,"minecraft:play_time":296186,"minecraft:deaths":9,"minecraft:jump":2474,"minecraft:walk_on_water_one_cm":101988,"minecraft:interact_with_furnace":10,"minecraft:interact_with_cartography_table":1,"minecraft:sleep_in_bed":4,"minecraft:damage_dealt":6758,"minecraft:interact_with_smoker":1,"minecraft:interact_with_smithing_table":1,"minecraft:mob_kills":33,"minecraft:damage_dealt_resisted":0,"minecraft:climb_one_cm":15275,"minecraft:walk_one_cm":836694,"minecraft:sneak_time":142,"minecraft:walk_under_water_one_cm":17540,"minecraft:boat_one_cm":22401,"minecraft:interact_with_lectern":1,"minecraft:total_world_time":296186,"minecraft:interact_with_grindstone":2,"minecraft:hex":0,"minecraft:time_since_rest":8871,"minecraft:damage_taken":4563,"minecraft:fly_one_cm":208272,"minecraft:open_chest":146,"minecraft:fall_one_cm":52133},"minecraft:picked_up":{"minecraft:wooden_axe":1,"techreborn:raw_tin":42,"beachparty:rubber_ring_axolotl":1,"twigs:roseate_seashell":1,"minecraft:raw_copper":32,"minecraft:cobbled_deepslate":45,"minecraft:bucket":2,"twigs:pebble":14,"modern_industrialization:raw_uranium":2,"minecraft:azalea":8,"minecraft:iron_pickaxe":1,"minecraft:melon_slice":87,"minecraft:furnace":3,"minecells:guts":8,"minecraft:stick":25,"minecraft:big_dripleaf":8,"minecraft:torch":4,"botania:black_mushroom":1,"twigs:bamboo_leaves":39,"minecraft:porkchop":1,"minecells:putrid_fence":7,"regions_unexplored:daisy":2,"simplyswords:gold_spear":1,"minecraft:orange_bed":4,"indrev:raw_lead":1,"minecraft:rotten_flesh":28,"regions_unexplored:green_bioshroom":18,"create:scoria":5,"minecells:putrid_board_block":1,"minecraft:carved_pumpkin":4,"create:asurine":25,"supplementaries:ash":7,"twigs:tangerine_seashell":2,"minecraft:cobblestone":153,"archon:cloudshot_tome":1,"minecraft:magma_block":2,"minecraft:jungle_log":926,"regions_unexplored:flowering_shrub":3,"techreborn:tin_ingot":6,"minecraft:flint":1,"minecraft:tuff":1,"create:raw_zinc":25,"supplementaries:flax_seeds":2,"minecraft:horn_coral":16,"lootr:trophy":1,"minecraft:dirt":11,"minecraft:lantern":1,"minecraft:bone":5,"travelersbackpack:bookshelf":2,"minecraft:stonecutter":1,"minecraft:wheat_seeds":147,"minecraft:raw_gold":2,"regions_unexplored:pink_bioshroom":6,"minecraft:bamboo":80,"twigs:twig":79,"minecraft:moss_block":26,"botania:gray_mystical_flower":1,"techreborn:raw_lead":30,"minecraft:jungle_planks":18,"minecraft:sand":2,"twigs:azalea_flowers":4,"minecells:metal_shards":3,"techreborn:sapphire_gem":10,"indrev:sulfur_crystal":18,"techreborn:peridot_gem":1,"beachparty:rubber_ring_pelican":2,"minecells:explosive_bulb":1,"minecraft:diamond":25,"minecraft:writable_book":1,"minecraft:crossbow":1,"regions_unexplored:redwood_shrub":8,"minecraft:bread":39,"minecraft:oak_sapling":83,"indrev:nikolite_dust":55,"twigs:rhyolite":2,"minecells:throwing_knife":1,"minecraft:cocoa_beans":19,"minecraft:crafting_table":7,"modern_industrialization:lignite_coal":25,"minecraft:clay_ball":40,"regions_unexplored:blue_bioshroom":17,"croptopia:kumquat":7,"minecraft:shield":1,"minecraft:fire_coral":12,"minecraft:moss_carpet":3,"minecraft:wooden_sword":2,"minecraft:compass":2,"twigs:opaline_seashell":6,"techreborn:raw_silver":21,"minecraft:cartography_table":1,"minecells:nutcracker":1,"minecraft:jungle_sapling":82,"minecraft:lectern":1,"minecraft:chest":5,"minecraft:sugar_cane":3,"minecraft:egg":1,"minecraft:raw_iron":29,"minecells:monsters_eye":3,"techreborn:ruby_gem":6,"regions_unexplored:green_bioshroom_stem":11,"minecraft:redstone":13,"minecraft:arrow":21,"minecraft:hay_block":4,"minecraft:mutton":4,"minecraft:glow_berries":8,"botania:green_mystical_flower":1,"minecells:broadsword":1,"minecraft:skeleton_skull":1,"minecraft:white_wool":2,"minecraft:jungle_boat":2,"modern_industrialization:raw_antimony":15,"minecraft:salmon":2,"regions_unexplored:blue_bioshroom_stem":15,"minecraft:oak_log":114,"minecraft:lily_pad":1,"minecraft:gunpowder":3,"bewitchment:aconite_seeds":1,"minecells:cage":1,"regions_unexplored:tassel":2,"minecraft:paper":19,"minecells:health_flask":15,"botania:black_mystical_flower":2,"promenade:palm_log":7,"minecraft:apple":1,"minecraft:kelp":78,"minecraft:iron_ingot":4,"minecells:prison_torch":4,"bewitchment:mandrake_seeds":1,"minecraft:stone_pickaxe":3,"techreborn:deepslate_bauxite_ore":7,"minecraft:flowering_azalea":6,"minecraft:book":6,"minecells:prison_cobblestone":2,"minecells:monster_cell":13,"minecells:infected_flesh":7,"minecraft:gravel":3,"bewitchment:belladonna_seeds":12,"powah:uraninite_raw":2,"bewitchment:salt":3,"minecraft:leather_helmet":1,"travelersbackpack:standard":1,"botania:orange_mystical_flower":1,"minecraft:diamond_axe":1,"minecraft:gray_wool":1,"minecraft:coal":121},"minecraft:crafted":{"techreborn:lead_ingot":4,"minecraft:chest":3,"minecraft:diamond_axe":1,"minecraft:crafting_table":2,"minecraft:jungle_boat":1,"minecraft:wooden_pickaxe":1,"minecraft:charcoal":1,"minecraft:stick":42,"minecraft:iron_ingot":20,"minecraft:iron_pickaxe":3,"minecraft:stone_sword":1,"minecraft:wooden_sword":2,"minecraft:furnace":2,"techreborn:tin_ingot":3,"minecraft:stone_pickaxe":4,"minecraft:jungle_planks":76,"minecraft:wooden_axe":1,"minecraft:torch":52}},"DataVersion":3465}