{"stats":{"minecraft:dropped":{"minecraft:raw_copper":4,"twigs:roseate_seashell":1,"minecraft:rotten_flesh":1,"botania:gray_mystical_flower":1,"regions_unexplored:tassel":2,"regions_unexplored:flowering_shrub":3,"regions_unexplored:daisy":2,"twigs:tangerine_seashell":2,"minecraft:gray_wool":1,"minecraft:wooden_axe":2,"botania:green_mystical_flower":1,"minecraft:wooden_sword":4,"minecraft:wooden_pickaxe":1,"twigs:opaline_seashell":1},"minecraft:killed":{"promenade:sunken_skeleton":2,"minecraft:sheep":3,"friendsandfoes:mauler":1},"minecraft:mined":{"regions_unexplored:redwood_shrub":8,"twigs:pebble":8,"botania:orange_mystical_flower":1,"minecraft:kelp_plant":15,"minecraft:carved_pumpkin":4,"minecraft:crafting_table":3,"minecraft:grass_block":2,"minecraft:melon":21,"twigs:roseate_seashell":1,"minecraft:jungle_log":2,"minecraft:dead_bush":1,"minecraft:copper_ore":4,"minecraft:lily_pad":1,"minecraft:sugar_cane":1,"minecraft:kelp":13,"techreborn:tin_ore":5,"minecraft:hay_block":4,"minecraft:tall_seagrass":1,"minecraft:furnace":1,"techreborn:lead_ore":4,"minecraft:iron_ore":3,"twigs:tangerine_seashell":2,"modern_industrialization:antimony_ore":5,"treechop:chopped_log":3,"regions_unexplored:sandy_grass":1,"minecraft:grass":10,"minecraft:coal_ore":64,"minecraft:vine":6,"minecraft:cocoa":3,"bewitchment:salt_ore":1,"minecraft:dirt":1,"botania:gray_mystical_flower":1,"minecraft:bamboo":8,"minecraft:stone":40,"minecraft:oak_leaves":3,"twigs:opaline_seashell":6,"minecraft:fern":5},"minecraft:used":{"promenade:palm_log":7,"minecraft:stone_sword":33,"minecraft:carved_pumpkin":4,"minecraft:stone_pickaxe":89,"minecraft:wooden_pickaxe":3,"minecraft:jungle_boat":2,"minecraft:dirt":3,"minecraft:crafting_table":3,"minecraft:melon_slice":9,"minecraft:iron_pickaxe":38,"minecraft:wooden_sword":1,"minecraft:cobblestone":4,"minecraft:hay_block":4,"minecraft:furnace":1},"minecraft:killed_by":{"creeperoverhaul:ocean_creeper":1,"graveyard:skeleton_creeper":1},"minecraft:custom":{"minecraft:interact_with_furnace":2,"minecraft:mob_kills":7,"minecraft:interact_with_crafting_table":8,"minecraft:damage_dealt_resisted":0,"minecraft:time_since_death":18481,"minecraft:climb_one_cm":6113,"minecraft:damage_resisted":0,"minecraft:hex":0,"minecraft:time_since_rest":19438,"minecraft:sprint_one_cm":50511,"minecraft:damage_taken":936,"minecraft:walk_one_cm":163511,"minecraft:drop":19,"minecraft:damage_dealt":887,"minecraft:fly_one_cm":20242,"minecraft:play_time":57572,"minecraft:sneak_time":86,"minecraft:deaths":2,"minecraft:walk_under_water_one_cm":4035,"minecraft:boat_one_cm":22401,"minecraft:jump":709,"minecraft:walk_on_water_one_cm":86104,"minecraft:total_world_time":57572,"minecraft:fall_one_cm":16291},"minecraft:picked_up":{"minecraft:wooden_axe":1,"modern_industrialization:raw_antimony":5,"techreborn:raw_tin":5,"minecraft:cocoa_beans":10,"minecraft:crafting_table":3,"minecraft:jungle_boat":2,"minecraft:jungle_log":124,"minecraft:salmon":2,"twigs:roseate_seashell":1,"regions_unexplored:flowering_shrub":3,"minecraft:oak_log":10,"minecraft:lily_pad":1,"croptopia:kumquat":7,"minecraft:fire_coral":6,"minecraft:horn_coral":8,"regions_unexplored:tassel":2,"minecraft:dirt":3,"minecraft:raw_copper":11,"minecraft:wooden_sword":2,"botania:black_mystical_flower":2,"twigs:opaline_seashell":6,"minecraft:bone":3,"promenade:palm_log":7,"minecraft:kelp":39,"twigs:pebble":8,"minecraft:jungle_sapling":10,"twigs:twig":13,"minecraft:bamboo":80,"minecraft:melon_slice":87,"minecraft:sugar_cane":3,"botania:gray_mystical_flower":1,"minecraft:furnace":1,"minecraft:egg":1,"minecraft:stick":1,"minecraft:raw_iron":3,"techreborn:raw_lead":4,"twigs:bamboo_leaves":21,"bewitchment:belladonna_seeds":4,"bewitchment:salt":1,"regions_unexplored:daisy":2,"minecraft:arrow":3,"minecraft:rotten_flesh":1,"botania:orange_mystical_flower":1,"minecraft:hay_block":4,"minecraft:crossbow":1,"regions_unexplored:redwood_shrub":8,"minecraft:carved_pumpkin":4,"minecraft:gray_wool":1,"minecraft:oak_sapling":7,"botania:green_mystical_flower":1,"minecraft:mutton":4,"twigs:tangerine_seashell":2,"minecraft:coal":62,"minecraft:white_wool":2,"minecraft:cobblestone":39},"minecraft:crafted":{"minecraft:wooden_sword":2,"minecraft:crafting_table":1,"minecraft:jungle_boat":1,"minecraft:wooden_pickaxe":1,"minecraft:furnace":1,"minecraft:jungle_planks":28,"techreborn:tin_ingot":3,"minecraft:stick":16,"minecraft:iron_pickaxe":1,"minecraft:iron_ingot":3,"minecraft:stone_pickaxe":2,"minecraft:wooden_axe":1,"minecraft:stone_sword":1,"minecraft:torch":4}},"DataVersion":3465}