{"stats":{"minecraft:dropped":{"herbalbrews:hibiscus":4,"minecraft:brown_mushroom":12,"naturalist:snail_shell":1,"minecraft:oak_log":10,"botania:red_mystical_flower":6,"minecraft:crafting_table":2,"croptopia:eggplant":1,"minecraft:crossbow":2,"vinery:jungle_grape_seeds_white":4,"regions_unexplored:dorcel":1,"minecraft:red_mushroom":3,"bewitchment:aconite_seeds":3,"regions_unexplored:brimsprout":11,"minecraft:mutton":1,"twigs:bronzed_seashell":2,"botania:green_mystical_flower":3,"minecraft:amethyst_shard":5,"minecraft:iron_pickaxe":3,"minecraft:white_wool":8,"bewitchment:belladonna_seeds":7,"twigs:twig":1,"minecraft:bone":9,"minecraft:cooked_chicken":2,"minecraft:obsidian":3,"minecraft:rotten_flesh":8,"minecraft:oak_planks":46,"rogues:rogue_armor_head":1,"minecraft:poppy":7,"minecraft:leather_chestplate":2,"supplementaries:flax_seeds":2,"regions_unexplored:red_lupine":3,"minecraft:gunpowder":2,"modern_industrialization:lignite_coal":13,"minecraft:arrow":5,"minecraft:water_bucket":1,"minecraft:iron_ingot":13,"minecraft:bread":1,"mcdw:sword_katana":1,"minecraft:wheat_seeds":6,"minecraft:dripstone_block":2,"minecraft:cobblestone":13,"minecraft:book":6,"regions_unexplored:yellow_lupine":4,"minecraft:apple":1,"minecraft:acacia_log":2,"minecraft:stick":4,"techreborn:rubber_log":6,"minecraft:diorite":5,"regions_unexplored:barley":60,"bewitchment:garlic":4,"minecraft:smooth_sandstone":11,"minecraft:string":5,"archers:archer_armor_feet":1,"minecraft:tripwire_hook":1,"powah:uraninite_raw":1,"croptopia:eggplant_seed":6,"twigs:rhyolite":1,"paladins:paladin_armor_feet":2,"botania:yellow_double_flower":1,"minecraft:raw_copper":41,"minecraft:cocoa_beans":6,"minecraft:clay_ball":8,"simplyswords:brimstone_claymore":1,"minecraft:smoker":1,"minecraft:filled_map":1,"bewitchment:mandrake_seeds":5,"minecraft:diamond_pickaxe":2,"minecraft:andesite":6,"minecraft:oak_boat":3,"minecraft:oak_sapling":3,"croptopia:fig":5,"minecraft:stone_bricks":1,"minecraft:slime_ball":6,"minecraft:sandstone":2,"minecraft:bow":6,"botania:pink_mystical_flower":7,"minecraft:calcite":2},"minecraft:killed":{"minecraft:cave_spider":2,"minecraft:spider":2,"promenade:sunken_skeleton":1,"naturalist:snail":2,"minecraft:skeleton":23,"minecraft:chicken":1,"minecraft:silverfish":2,"minecraft:parrot":1,"minecraft:zombie_villager":1,"minecraft:sheep":8,"tinyskeletons:baby_skeleton":3,"minecraft:zombie":15,"minecraft:slime":3,"minecraft:drowned":3,"minecraft:hoglin":2,"minecraft:enderman":1},"minecraft:broken":{"minecraft:iron_sword":1,"minecraft:golden_pickaxe":1},"minecraft:picked_up":{"regions_unexplored:small_oak_log":7,"techreborn:raw_tin":6,"minecraft:wheat":13,"minecraft:anvil":1,"minecraft:flower_pot":1,"regions_unexplored:silt_dirt":26,"regions_unexplored:brimsprout":43,"regions_unexplored:blue_magnolia_shrub":2,"minecraft:potion":2,"minecraft:stone_brick_stairs":21,"botania:light_blue_mushroom":1,"minecraft:golden_sword":1,"botania:rune_water":2,"botania:light_blue_double_flower":1,"minecraft:amethyst_block":27,"minecraft:soul_soil":1,"create:limestone":141,"minecraft:string":17,"betternether:blue_obsidian":1,"minecraft:raw_copper":57,"travelersbackpack:creeper":1,"minecraft:shroomlight":22,"minecraft:beetroot":4,"promenade:sakura_log":29,"minecraft:tnt_minecart":1,"minecraft:cobbled_deepslate":106,"travelersbackpack:enderman":1,"modern_industrialization:raw_uranium":3,"twigs:pebble":3,"techreborn:rubber_log":6,"minecraft:calcite":43,"minecraft:azalea":5,"minecraft:iron_pickaxe":2,"minecraft:melon_slice":49,"minecraft:smooth_quartz_stairs":2,"vinery:jungle_grape_seeds_white":4,"botania:lexicon":1,"minecraft:stick":8,"botania:monocle":1,"regions_unexplored:corpse_flower":17,"minecraft:big_dripleaf":9,"minecraft:acacia_log":2,"minecraft:torch":22,"botania:yellow_mystical_flower":13,"minecraft:spruce_stairs":2,"twigs:bamboo_leaves":3,"minecraft:porkchop":6,"minecraft:pointed_dripstone":7,"croptopia:fig":5,"minecraft:diorite":11,"regions_unexplored:barley":76,"botania:white_mystical_flower":3,"regions_unexplored:argillite":6,"indrev:raw_lead":1,"minecraft:cactus":1,"minecraft:rotten_flesh":15,"botania:orange_double_flower":1,"botania:light_gray_mystical_flower":4,"minecraft:polished_basalt":2,"minecraft:obsidian":7,"twigs:tangerine_seashell":1,"minecraft:iron_bars":2,"minecraft:cobblestone":120,"botania:cyan_mushroom":1,"minecraft:leather_chestplate":2,"minecraft:andesite":35,"minecraft:water_bucket":1,"minecraft:jungle_log":5,"rogues:rogue_armor_head":1,"minecraft:smoker":1,"minecraft:potato":45,"herbalbrews:tea_blossom":3,"supplementaries:item_shelf":2,"create:raw_zinc":1,"supplementaries:flax_seeds":2,"minecraft:lapis_lazuli":37,"minecraft:dirt":10,"croptopia:eggplant":1,"minecraft:twisting_vines":24,"minecraft:bone":83,"minecraft:acacia_planks":1,"botania:cyan_mystical_flower":3,"minecraft:bow":1,"minecraft:warped_hyphae":18,"regions_unexplored:brimwood_shrub":1,"minecraft:stonecutter":1,"botania:pink_mystical_flower":12,"minecraft:wheat_seeds":304,"botania:purple_mystical_flower":4,"minecraft:bamboo":6,"minecraft:mossy_stone_bricks":101,"regions_unexplored:dropleaf":9,"minecraft:moss_block":27,"twigs:twig":80,"naturalist:snail_shell":1,"minecraft:oak_planks":44,"botania:gray_mystical_flower":10,"botania:mana_pool":1,"botania:red_mystical_flower":6,"botania:yellow_double_flower":1,"minecraft:warped_wart_block":81,"techreborn:raw_lead":61,"herbalbrews:hibiscus":9,"minecraft:jungle_planks":1,"minecraft:stripped_spruce_log":6,"croptopia:eggplant_seed":6,"minecraft:cyan_bed":1,"winterly:cryomarble_shard":5,"minecraft:spectral_arrow":24,"techreborn:sapphire_gem":11,"techreborn:rubber_sapling":4,"indrev:sulfur_crystal":8,"techreborn:peridot_gem":4,"minecraft:bundle":1,"minecraft:stripped_acacia_log":1,"minecraft:diamond":6,"minecraft:crossbow":2,"soulsweapons:verglas":1,"minecraft:bread":3,"minecraft:emerald":8,"simplyswords:brimstone_claymore":1,"minecraft:oak_sapling":104,"twigs:rhyolite":4,"minecraft:netherrack":30,"minecraft:bricks":1,"minecraft:light_blue_candle":3,"minecraft:diamond_pickaxe":2,"modern_industrialization:lignite_coal":113,"minecraft:crafting_table":2,"minecraft:cocoa_beans":6,"minecraft:allium":1,"expandeddelight:raw_cinnamon":6,"minecraft:chicken":1,"minecraft:clay_ball":56,"betternether:blue_crying_obsidian":3,"minecraft:brown_mushroom":13,"betternether:blue_weeping_obsidian":2,"promenade:blush_sakura_sapling":4,"promenade:blunite":121,"minecraft:moss_carpet":5,"immersive_melodies:lute":1,"regions_unexplored:poppy_bush":16,"bewitchment:elder_log":4,"botania:endoflame":7,"twigs:opaline_seashell":1,"minecraft:blackstone":12,"minecraft:cracked_stone_bricks":63,"techreborn:raw_silver":13,"regions_unexplored:duskmelon_slice":4,"botania:pure_daisy":8,"minecraft:oak_boat":9,"minecraft:chest":2,"minecraft:player_head":9,"minecraft:jungle_sapling":1,"minecraft:poppy":7,"minecraft:sugar_cane":14,"minecraft:raw_iron":2,"minecraft:sandstone":20,"promenade:asphalt":9,"botania:purple_mushroom":2,"minecraft:fire_charge":2,"minecraft:redstone":10,"minecraft:carrot":116,"minecraft:dark_oak_planks":7,"botania:black_lotus":2,"regions_unexplored:dusktrap":14,"minecraft:diamond_chestplate":1,"botania:runic_altar":1,"minecraft:arrow":62,"bewitchment:garlic":30,"botania:lime_mystical_flower":2,"minecraft:beetroot_seeds":21,"archers:archer_armor_feet":1,"minecraft:stripped_dark_oak_wood":9,"botania:green_mystical_flower":10,"supplementaries:faucet":1,"minecraft:mutton":4,"minecraft:skeleton_skull":8,"minecraft:white_wool":15,"regions_unexplored:dorcel":2,"minecraft:basalt":1,"modern_industrialization:raw_antimony":6,"botania:twig_wand":1,"minecraft:glow_ink_sac":2,"minecraft:tripwire_hook":1,"minecraft:salmon":1,"minecraft:leather":2,"botania:rune_earth":2,"vinery:jungle_grape_seeds_red":15,"croptopia:glowing_calamari":1,"minecraft:red_mushroom":3,"minecraft:birch_planks":2,"minecraft:oak_log":170,"minecraft:lily_pad":8,"regions_unexplored:red_lupine":3,"minecraft:gunpowder":3,"minecraft:cobblestone_stairs":1,"expandeddelight:sweet_potato":8,"bewitchment:aconite_seeds":24,"regions_unexplored:small_oak_sapling":2,"botania:light_blue_mystical_flower":8,"botania:black_mystical_flower":6,"mcdw:sword_katana":1,"minecraft:smooth_sandstone":27,"minecraft:apple":37,"minecraft:stone_bricks":115,"minecraft:warped_stem":36,"minecraft:spruce_wood":1,"bewitchment:mandrake_seeds":24,"minecraft:iron_ingot":13,"minecraft:cooked_chicken":194,"techreborn:deepslate_bauxite_ore":1,"regions_unexplored:brimwood_log":1,"minecraft:soul_sand":5,"botania:mana_spreader":2,"minecraft:flowering_azalea":13,"regions_unexplored:yellow_lupine":8,"minecraft:book":67,"minecraft:warped_fungus":4,"minecraft:dark_oak_slab":3,"minecraft:black_candle":2,"minecraft:emerald_block":1,"minecraft:chiseled_stone_bricks":7,"minecraft:stone_brick_slab":29,"minecraft:quartz":7,"minecraft:dandelion":45,"minecraft:gravel":9,"minecraft:dripstone_block":2,"bewitchment:belladonna_seeds":31,"twigs:bronzed_seashell":2,"minecraft:crimson_stairs":1,"botania:apothecary_livingrock":1,"minecraft:amethyst_shard":10,"powah:uraninite_raw":1,"minecraft:spider_eye":2,"minecraft:crying_obsidian":2,"minecraft:spruce_door":1,"minecraft:light_gray_candle":5,"travelersbackpack:standard":1,"modern_industrialization:raw_nickel":2,"paladins:paladin_armor_feet":1,"minecraft:slime_ball":7,"minecraft:warped_roots":7,"botania:brown_mystical_flower":1,"minecraft:coal":48},"minecraft:killed_by":{"creeperoverhaul:ocean_creeper":1,"mythicmobs:chupacabra":1,"mutantmonsters:mutant_skeleton":1,"minecraft:skeleton":9},"minecraft:custom":{"lootr:looted_stat":102,"minecraft:interact_with_crafting_table":22,"minecraft:bell_ring":1,"minecraft:eat_cake_slice":2,"minecraft:leave_game":2,"minecraft:time_since_death":33378,"minecraft:damage_resisted":0,"minecraft:sprint_one_cm":937942,"minecraft:damage_blocked_by_shield":560,"minecraft:drop":130,"minecraft:play_noteblock":1,"minecraft:talked_to_villager":19,"minecraft:play_time":449033,"minecraft:deaths":14,"minecraft:jump":4416,"minecraft:walk_on_water_one_cm":45324,"minecraft:interact_with_furnace":3,"minecraft:traded_with_villager":1,"minecraft:damage_dealt":18871,"minecraft:crouch_one_cm":2530,"minecraft:interact_with_smoker":3,"minecraft:interact_with_anvil":2,"minecraft:mob_kills":72,"minecraft:damage_dealt_resisted":0,"minecraft:climb_one_cm":15716,"minecraft:walk_one_cm":1414850,"minecraft:sneak_time":2030,"minecraft:walk_under_water_one_cm":8952,"minecraft:boat_one_cm":239541,"minecraft:total_world_time":449033,"minecraft:tune_noteblock":4,"minecraft:interact_with_grindstone":1,"minecraft:interact_with_stonecutter":1,"minecraft:hex":0,"minecraft:time_since_rest":33403,"minecraft:damage_taken":13902,"minecraft:damage_absorbed":74,"minecraft:swim_one_cm":11080,"minecraft:fly_one_cm":326960,"minecraft:open_chest":149,"minecraft:threat":12,"minecraft:fish_caught":1,"minecraft:fall_one_cm":100742},"minecraft:mined":{"minecraft:dark_oak_planks":2,"winterly:raw_cryomarble_shard":5,"create:deepslate_zinc_ore":1,"regions_unexplored:brimsprout":59,"minecraft:black_candle_cake":1,"botania:red_mystical_flower":8,"minecraft:cobblestone_stairs":1,"indrev:deepslate_tungsten_ore":1,"minecraft:jungle_leaves":6,"botania:pink_double_flower":1,"minecraft:potted_cactus":1,"minecraft:cave_vines_plant":2,"minecraft:budding_amethyst":1,"regions_unexplored:dropleaf":24,"botania:light_blue_mushroom":1,"minecraft:acacia_log":2,"minecraft:grass_block":5,"modern_industrialization:lignite_coal_ore":49,"regions_unexplored:argillite_grass_block":1,"minecraft:frosted_ice":5,"minecraft:oxeye_daisy":1,"botania:light_gray_mystical_flower":15,"minecraft:chiseled_stone_bricks":7,"minecraft:spawner":22,"botania:cyan_mushroom":1,"botania:purple_mystical_flower":7,"minecraft:cobbled_deepslate":5,"minecraft:iron_ore":2,"minecraft:fire":7,"minecraft:moss_carpet":5,"techreborn:deepslate_lead_ore":19,"botania:lime_double_flower":1,"minecraft:anvil":1,"minecraft:deepslate_lapis_ore":3,"minecraft:stripped_dark_oak_wood":6,"minecraft:dark_oak_stairs":2,"minecraft:twisting_vines":3,"minecraft:pointed_dripstone":4,"minecraft:cave_vines":4,"croptopia:apple_crop":23,"minecraft:flowering_azalea_leaves":2,"minecraft:iron_bars":2,"bewitchment:elder_log":1,"regions_unexplored:dorcel":1,"minecraft:pink_tulip":1,"minecraft:spruce_wood":1,"botania:brown_mystical_flower":6,"minecraft:azalea":4,"botania:light_blue_mystical_flower":8,"regions_unexplored:silt_grass_block":18,"create:limestone":142,"minecraft:player_head":9,"techreborn:deepslate_galena_ore":3,"minecraft:tripwire":5,"botania:green_mystical_flower":21,"minecraft:deepslate_redstone_ore":2,"vinery:jungle_grape_bush_red":8,"techreborn:deepslate_bauxite_ore":1,"botania:orange_mystical_flower":6,"minecraft:brown_mushroom":3,"croptopia:eggplant_crop":1,"regions_unexplored:red_lupine":3,"minecraft:twisting_vines_plant":9,"regions_unexplored:yellow_lupine":3,"minecraft:smoker":1,"minecraft:amethyst_cluster":2,"regions_unexplored:corpse_flower":15,"minecraft:clay":14,"minecraft:torch":1,"botania:green_double_flower":1,"regions_unexplored:bladed_tall_grass":1,"minecraft:calcite":42,"minecraft:poppy":29,"minecraft:melon":9,"minecraft:chest":2,"indrev:sulfur_crystal":3,"supplementaries:wild_flax":2,"minecraft:nether_quartz_ore":7,"minecraft:cobblestone":1,"botania:blue_mystical_flower":4,"minecraft:cyan_bed":2,"minecraft:oak_planks":6,"minecraft:sugar_cane":7,"minecraft:bricks":1,"botania:black_mystical_flower":6,"minecraft:wall_torch":2,"minecraft:amethyst_block":27,"herbalbrews:wild_coffee_plant":4,"powah:deepslate_uraninite_ore_poor":2,"minecraft:deepslate_copper_ore":4,"modern_industrialization:deepslate_lignite_coal_ore":39,"minecraft:skeleton_skull":4,"minecraft:light_gray_candle":2,"farmersdelight:sandy_shrub":4,"techreborn:silver_ore":11,"minecraft:dark_oak_slab":3,"regions_unexplored:sandy_tall_grass":3,"amendments:directional_cake":1,"minecraft:wheat":16,"herbalbrews:wild_rooibos_plant":1,"minecraft:warped_fungus":5,"indrev:lead_ore":2,"minecraft:stone_brick_stairs":21,"minecraft:grass":433,"minecraft:oak_log":1,"minecraft:beetroots":3,"minecraft:dirt":9,"twigs:rhyolite":5,"promenade:asphalt":9,"minecraft:tripwire_hook":1,"minecraft:stonecutter":1,"minecraft:netherrack":25,"minecraft:oak_leaves":52,"minecraft:deepslate":103,"minecraft:emerald_block":1,"techreborn:rubber_sapling":1,"soulsweapons:verglas_ore":1,"techreborn:sapphire_ore":8,"powah:deepslate_uraninite_ore":3,"minecraft:tuff":1,"botania:orange_double_flower":1,"minecraft:deepslate_diamond_ore":1,"regions_unexplored:barley":66,"regions_unexplored:dropleaf_plant":8,"regions_unexplored:dusktrap":13,"herbalbrews:hibiscus":5,"modern_industrialization:deepslate_antimony_ore":4,"minecraft:sea_lantern":1,"expandeddelight:wild_peanuts":2,"minecraft:glow_lichen":1,"minecraft:allium":1,"modern_industrialization:uranium_ore":3,"swampier_swamps:cattail":5,"minecraft:jungle_planks":1,"regions_unexplored:poppy_bush":14,"minecraft:redstone_wire":1,"minecraft:soul_campfire":1,"indrev:deepslate_lead_ore":1,"supplementaries:faucet":1,"minecraft:infested_chiseled_stone_bricks":2,"minecraft:red_mushroom":2,"minecraft:moss_block":29,"regions_unexplored:duskmelon":3,"minecraft:mangrove_propagule":1,"minecraft:sandstone":18,"botania:purple_mushroom":2,"regions_unexplored:argillite":4,"botania:magenta_mystical_flower":6,"minecraft:carrots":32,"croptopia:fig_crop":5,"techreborn:lead_ore":45,"minecraft:polished_basalt":1,"minecraft:orange_stained_glass_pane":2,"minecraft:andesite":26,"minecraft:stripped_spruce_log":6,"treechop:chopped_log":20,"twigs:bronzed_seashell":2,"minecraft:big_dripleaf_stem":2,"minecraft:bookshelf":22,"minecraft:potatoes":13,"minecraft:shroomlight":5,"minecraft:vine":11,"minecraft:stripped_acacia_log":1,"modern_industrialization:deepslate_nickel_ore":2,"regions_unexplored:medium_grass":276,"minecraft:smooth_quartz_stairs":2,"minecraft:bamboo":2,"minecraft:stone":126,"botania:light_blue_double_flower":1,"minecraft:white_wool":1,"minecraft:cake":1,"twigs:opaline_seashell":1,"regions_unexplored:brimwood_shrub":1,"supplementaries:book_pile_horizontal":2,"twigs:pebble":4,"expandeddelight:wild_sweet_potatoes":9,"botania:lime_mystical_flower":3,"minecraft:flowering_azalea":12,"techreborn:deepslate_silver_ore":4,"promenade:blunite":121,"regions_unexplored:brimwood_log":1,"minecraft:stone_brick_slab":27,"create_new_age:magnetite_block":5,"minecraft:spruce_door":1,"minecraft:dandelion":45,"minecraft:crafting_table":2,"minecraft:smooth_sandstone":42,"minecraft:cornflower":1,"botania:yellow_double_flower":3,"minecraft:emerald_ore":8,"regions_unexplored:silt_dirt":16,"minecraft:warped_roots":7,"minecraft:rose_bush":3,"minecraft:stone_slab":1,"supplementaries:sack":1,"minecraft:copper_ore":13,"minecraft:tall_grass":222,"minecraft:lapis_ore":2,"minecraft:lily_pad":1,"minecraft:big_dripleaf":2,"techreborn:tin_ore":6,"minecraft:diorite":11,"supplementaries:urn":6,"minecraft:spruce_stairs":2,"botania:pink_mystical_flower":24,"farmersdelight:wild_beetroots":7,"botania:cyan_mystical_flower":4,"minecraft:birch_planks":2,"bewitchment:elder_leaves":1,"modern_industrialization:antimony_ore":2,"twigs:tangerine_seashell":1,"minecraft:mangrove_leaves":1,"regions_unexplored:sandy_grass":91,"botania:white_mystical_flower":5,"minecraft:coal_ore":48,"botania:yellow_mystical_flower":24,"minecraft:cocoa":2,"minecraft:light_blue_candle":1,"vinery:jungle_grape_bush_white":1,"minecraft:dripstone_block":2,"botania:gray_mystical_flower":13,"minecraft:cracked_stone_bricks":65,"supplementaries:pancake":1,"regions_unexplored:blue_magnolia_shrub":2,"minecraft:stone_bricks":118,"minecraft:mossy_stone_bricks":106,"minecraft:fern":50},"minecraft:used":{"minecraft:beetroot":3,"minecraft:polished_basalt":2,"minecraft:chest":25,"minecraft:shield":2,"minecraft:iron_sword":469,"minecraft:player_head":4,"minecraft:rotten_flesh":1,"minecraft:mutton":1,"minecraft:jungle_planks":21,"minecraft:carrot":3,"minecraft:obsidian":2,"minecraft:stripped_dark_oak_wood":7,"minecraft:bricks":1,"minecraft:iron_helmet":1,"minecraft:dark_oak_slab":3,"minecraft:stone_brick_stairs":8,"minecraft:stone_bricks":6,"minecraft:furnace":2,"travelersbackpack:enderman":2,"regions_unexplored:yellow_lupine":1,"simplyswords:brimstone_claymore":147,"minecraft:oak_planks":6,"minecraft:sandstone":18,"minecraft:diamond_axe":121,"minecraft:golden_apple":2,"minecraft:white_wool":1,"rogues:iron_sickle":3,"minecraft:crossbow":5,"minecraft:light_gray_candle":1,"minecraft:cyan_bed":1,"minecraft:melon_slice":6,"minecraft:bread":30,"minecraft:brown_wool":2,"archers:ranger_armor_chest":4,"minecraft:andesite":9,"minecraft:oak_boat":7,"minecraft:golden_pickaxe":32,"minecraft:stone_sword":10,"minecraft:cooked_chicken":9,"minecraft:dirt":69,"minecraft:torch":210,"minecraft:spruce_stairs":2,"twigs:rhyolite":3,"supplementaries:item_shelf":2,"minecraft:shroomlight":5,"minecraft:stone_brick_slab":15,"minecraft:dark_oak_planks":7,"minecraft:smooth_sandstone":16,"immersive_armors:heavy_chestplate":1,"minecraft:cobbled_deepslate":31,"minecraft:acacia_planks":3,"minecraft:water_bucket":66,"minecraft:bundle":1,"minecraft:birch_planks":2,"minecraft:stonecutter":1,"minecraft:salmon":2,"minecraft:crafting_table":5,"techreborn:rubber_sapling":1,"minecraft:book":4,"minecraft:oak_log":1,"minecraft:diamond_pickaxe":1098,"minecraft:apple":10,"wizards:wizard_robe_chest":4,"travelersbackpack:creeper":9,"minecraft:chicken":1,"minecraft:iron_pickaxe":393,"minecraft:map":3,"mcdw:sword_katana":9,"paladins:iron_great_hammer":25,"minecraft:fishing_rod":2,"minecraft:cobblestone":7,"minecraft:azalea_leaves":10,"travelersbackpack:standard":21,"minecraft:crimson_stairs":1,"minecraft:bucket":67,"regions_unexplored:silt_dirt":19},"minecraft:crafted":{"minecraft:oak_planks":336,"minecraft:chest":23,"minecraft:golden_axe":1,"minecraft:emerald":1,"minecraft:diamond_axe":2,"minecraft:crafting_table":5,"minecraft:spruce_planks":28,"minecraft:golden_pickaxe":1,"minecraft:diamond_pickaxe":2,"minecraft:stick":66,"minecraft:iron_pickaxe":2,"bewitchment:elder_planks":8,"minecraft:golden_chestplate":1,"minecraft:furnace":2,"botania:flower_bag":1,"botania:light_blue_petal":8,"minecraft:dark_oak_planks":8,"minecraft:jungle_planks":20,"minecraft:oak_boat":1,"minecraft:acacia_planks":4,"minecraft:torch":188}},"DataVersion":3465}