{"stats":{"minecraft:dropped":{"minecraft:iron_ingot":13,"herbalbrews:hibiscus":4,"minecraft:brown_mushroom":12,"naturalist:snail_shell":1,"minecraft:wheat_seeds":6,"botania:red_mystical_flower":6,"minecraft:crafting_table":2,"croptopia:eggplant":1,"vinery:jungle_grape_seeds_white":4,"regions_unexplored:yellow_lupine":3,"minecraft:apple":1,"minecraft:acacia_log":2,"minecraft:red_mushroom":3,"bewitchment:aconite_seeds":3,"minecraft:mutton":1,"twigs:bronzed_seashell":2,"botania:green_mystical_flower":3,"regions_unexplored:barley":59,"bewitchment:garlic":4,"archers:archer_armor_feet":1,"minecraft:white_wool":8,"bewitchment:belladonna_seeds":7,"minecraft:bone":2,"croptopia:eggplant_seed":6,"minecraft:rotten_flesh":2,"minecraft:oak_planks":14,"rogues:rogue_armor_head":1,"minecraft:poppy":7,"supplementaries:flax_seeds":2,"regions_unexplored:red_lupine":1,"bewitchment:mandrake_seeds":5,"minecraft:oak_boat":3,"croptopia:fig":5,"minecraft:slime_ball":6,"minecraft:arrow":1,"minecraft:bow":1,"botania:pink_mystical_flower":7},"minecraft:killed":{"promenade:sunken_skeleton":1,"naturalist:snail":2,"minecraft:skeleton":1,"minecraft:drowned":3,"minecraft:parrot":1,"minecraft:sheep":7,"tinyskeletons:baby_skeleton":1,"minecraft:zombie":1},"minecraft:mined":{"regions_unexplored:barley":62,"botania:red_mystical_flower":8,"minecraft:jungle_leaves":5,"herbalbrews:hibiscus":4,"botania:pink_double_flower":1,"expandeddelight:wild_peanuts":2,"minecraft:acacia_log":2,"minecraft:grass_block":2,"swampier_swamps:cattail":5,"regions_unexplored:poppy_bush":12,"minecraft:moss_block":1,"minecraft:red_mushroom":2,"minecraft:oxeye_daisy":1,"minecraft:mangrove_propagule":1,"botania:light_gray_mystical_flower":11,"botania:purple_mystical_flower":5,"botania:magenta_mystical_flower":6,"croptopia:fig_crop":5,"botania:lime_double_flower":1,"treechop:chopped_log":1,"twigs:bronzed_seashell":2,"minecraft:vine":10,"croptopia:apple_crop":23,"minecraft:pink_tulip":1,"regions_unexplored:medium_grass":27,"botania:brown_mystical_flower":6,"botania:light_blue_mystical_flower":6,"minecraft:white_wool":1,"botania:green_mystical_flower":14,"vinery:jungle_grape_bush_red":8,"expandeddelight:wild_sweet_potatoes":9,"twigs:pebble":1,"botania:lime_mystical_flower":1,"botania:orange_mystical_flower":6,"minecraft:brown_mushroom":3,"croptopia:eggplant_crop":1,"regions_unexplored:red_lupine":1,"regions_unexplored:yellow_lupine":2,"minecraft:dandelion":45,"minecraft:crafting_table":2,"minecraft:cornflower":1,"botania:green_double_flower":1,"botania:yellow_double_flower":2,"minecraft:poppy":29,"minecraft:melon":8,"minecraft:rose_bush":2,"supplementaries:wild_flax":2,"minecraft:tall_grass":13,"botania:blue_mystical_flower":4,"minecraft:lily_pad":1,"minecraft:sugar_cane":7,"herbalbrews:wild_coffee_plant":4,"botania:pink_mystical_flower":24,"botania:cyan_mystical_flower":1,"minecraft:birch_planks":2,"herbalbrews:wild_rooibos_plant":1,"minecraft:mangrove_leaves":1,"regions_unexplored:sandy_grass":1,"minecraft:grass":206,"botania:white_mystical_flower":5,"minecraft:oak_log":1,"botania:yellow_mystical_flower":21,"vinery:jungle_grape_bush_white":1,"botania:gray_mystical_flower":8,"minecraft:oak_leaves":38,"minecraft:fern":45},"minecraft:used":{"minecraft:stone_sword":10,"minecraft:iron_sword":120,"minecraft:mutton":1,"immersive_armors:heavy_chestplate":1,"minecraft:iron_helmet":1,"regions_unexplored:yellow_lupine":1,"minecraft:birch_planks":2,"minecraft:white_wool":1,"minecraft:crafting_table":2,"minecraft:oak_log":1,"minecraft:apple":3,"minecraft:bread":8,"mcdw:sword_katana":9,"minecraft:oak_boat":7},"minecraft:killed_by":{"creeperoverhaul:ocean_creeper":1,"minecraft:skeleton":2},"minecraft:custom":{"lootr:looted_stat":15,"minecraft:mob_kills":17,"minecraft:interact_with_crafting_table":3,"minecraft:damage_dealt_resisted":0,"minecraft:time_since_death":71408,"minecraft:climb_one_cm":8119,"minecraft:sprint_one_cm":212268,"minecraft:walk_one_cm":260793,"minecraft:drop":60,"minecraft:play_time":86702,"minecraft:deaths":3,"minecraft:sneak_time":5,"minecraft:walk_under_water_one_cm":4562,"minecraft:boat_one_cm":239541,"minecraft:jump":1166,"minecraft:walk_on_water_one_cm":17184,"minecraft:total_world_time":86702,"minecraft:hex":0,"minecraft:time_since_rest":71435,"minecraft:damage_taken":2127,"minecraft:damage_dealt":2828,"minecraft:swim_one_cm":11080,"minecraft:fly_one_cm":94040,"minecraft:crouch_one_cm":31,"minecraft:fall_one_cm":24527},"minecraft:picked_up":{"minecraft:crafting_table":2,"minecraft:brown_mushroom":12,"regions_unexplored:poppy_bush":13,"minecraft:oak_boat":9,"minecraft:jungle_sapling":1,"minecraft:poppy":7,"minecraft:sugar_cane":14,"minecraft:melon_slice":43,"vinery:jungle_grape_seeds_white":4,"botania:yellow_mystical_flower":10,"minecraft:acacia_log":2,"croptopia:fig":5,"botania:white_mystical_flower":3,"regions_unexplored:barley":59,"bewitchment:garlic":4,"minecraft:arrow":1,"minecraft:rotten_flesh":2,"archers:archer_armor_feet":1,"botania:green_mystical_flower":3,"minecraft:mutton":2,"minecraft:white_wool":14,"vinery:jungle_grape_seeds_red":15,"rogues:rogue_armor_head":1,"minecraft:red_mushroom":3,"herbalbrews:tea_blossom":3,"minecraft:birch_planks":2,"regions_unexplored:red_lupine":1,"minecraft:oak_log":6,"minecraft:lily_pad":8,"supplementaries:flax_seeds":2,"expandeddelight:sweet_potato":8,"bewitchment:aconite_seeds":3,"croptopia:eggplant":1,"botania:light_blue_mystical_flower":6,"minecraft:bone":2,"minecraft:apple":24,"minecraft:wheat_seeds":20,"botania:pink_mystical_flower":12,"botania:purple_mystical_flower":2,"bewitchment:mandrake_seeds":5,"minecraft:iron_ingot":13,"twigs:twig":6,"naturalist:snail_shell":1,"minecraft:oak_planks":7,"botania:gray_mystical_flower":4,"regions_unexplored:yellow_lupine":4,"botania:red_mystical_flower":6,"botania:yellow_double_flower":1,"minecraft:dandelion":45,"bewitchment:belladonna_seeds":7,"herbalbrews:hibiscus":8,"twigs:bronzed_seashell":2,"croptopia:eggplant_seed":6,"minecraft:slime_ball":4,"minecraft:oak_sapling":3,"botania:brown_mystical_flower":1},"minecraft:crafted":{"minecraft:oak_planks":20,"botania:flower_bag":1,"botania:light_blue_petal":8,"minecraft:crafting_table":2,"minecraft:oak_boat":1}},"DataVersion":3465}