{"stats":{"minecraft:dropped":{"minecraft:oak_log":8,"minecraft:raw_copper":4,"twigs:roseate_seashell":1,"minecraft:rotten_flesh":1,"botania:gray_mystical_flower":1,"regions_unexplored:tassel":2,"regions_unexplored:flowering_shrub":3,"regions_unexplored:daisy":2,"twigs:tangerine_seashell":2,"minecraft:gray_wool":1,"minecraft:wooden_axe":2,"botania:green_mystical_flower":1,"minecraft:wooden_sword":4,"minecraft:wooden_pickaxe":1,"twigs:opaline_seashell":1},"minecraft:killed":{"promenade:sunken_skeleton":2,"minecraft:sheep":3,"minecraft:zombie":2,"friendsandfoes:mauler":1},"minecraft:mined":{"regions_unexplored:redwood_shrub":8,"twigs:pebble":8,"botania:orange_mystical_flower":1,"minecraft:kelp_plant":15,"minecraft:carved_pumpkin":4,"minecraft:crafting_table":3,"minecraft:torch":1,"minecraft:grass_block":3,"minecraft:melon":21,"twigs:roseate_seashell":1,"minecraft:jungle_log":14,"minecraft:dead_bush":1,"modern_industrialization:lignite_coal_ore":1,"minecraft:copper_ore":6,"minecraft:lily_pad":1,"minecraft:sugar_cane":1,"minecraft:kelp":13,"minecraft:wall_torch":1,"techreborn:tin_ore":15,"minecraft:hay_block":4,"minecraft:tall_seagrass":1,"minecraft:furnace":1,"techreborn:ruby_ore":4,"techreborn:lead_ore":5,"minecraft:iron_ore":3,"twigs:tangerine_seashell":2,"modern_industrialization:antimony_ore":5,"treechop:chopped_log":19,"regions_unexplored:sandy_grass":1,"minecraft:grass":13,"minecraft:oak_log":1,"minecraft:coal_ore":100,"minecraft:vine":28,"minecraft:cocoa":3,"bewitchment:salt_ore":1,"minecraft:dirt":4,"botania:gray_mystical_flower":1,"minecraft:bamboo":8,"minecraft:stone":101,"minecraft:oak_leaves":38,"twigs:opaline_seashell":6,"minecraft:fern":8,"techreborn:sapphire_ore":6},"minecraft:used":{"promenade:palm_log":7,"minecraft:stone_sword":33,"minecraft:carved_pumpkin":4,"minecraft:stone_pickaxe":127,"minecraft:chest":3,"minecraft:wooden_pickaxe":3,"minecraft:diamond_axe":209,"minecraft:jungle_boat":2,"minecraft:torch":9,"minecraft:dirt":3,"minecraft:crafting_table":4,"minecraft:melon_slice":16,"minecraft:iron_pickaxe":121,"minecells:broadsword":10,"minecraft:wooden_sword":1,"minecraft:cobblestone":12,"minecraft:hay_block":4,"minecraft:furnace":2},"minecraft:killed_by":{"creeperoverhaul:ocean_creeper":1,"graveyard:skeleton_creeper":1},"minecraft:custom":{"minecraft:interact_with_furnace":3,"minecraft:mob_kills":9,"minecraft:interact_with_crafting_table":15,"minecraft:damage_dealt_resisted":0,"minecraft:time_since_death":54022,"minecraft:climb_one_cm":9484,"minecraft:damage_resisted":0,"minecraft:hex":0,"minecraft:time_since_rest":54979,"minecraft:sprint_one_cm":80119,"minecraft:damage_taken":1004,"minecraft:walk_one_cm":268880,"minecraft:drop":27,"minecraft:damage_dealt":1241,"minecraft:fly_one_cm":140910,"minecraft:open_chest":22,"minecraft:play_time":93113,"minecraft:sneak_time":140,"minecraft:deaths":2,"minecraft:walk_under_water_one_cm":13852,"minecraft:boat_one_cm":22401,"minecraft:jump":868,"minecraft:walk_on_water_one_cm":91587,"lootr:looted_stat":1,"minecraft:total_world_time":93113,"minecraft:fall_one_cm":16918},"minecraft:picked_up":{"minecraft:wooden_axe":1,"modern_industrialization:lignite_coal":1,"modern_industrialization:raw_antimony":5,"techreborn:raw_tin":15,"minecraft:cocoa_beans":11,"minecraft:crafting_table":3,"minecraft:jungle_boat":2,"minecraft:jungle_log":412,"minecraft:salmon":2,"twigs:roseate_seashell":1,"regions_unexplored:flowering_shrub":3,"minecraft:oak_log":50,"minecraft:lily_pad":1,"croptopia:kumquat":7,"minecraft:fire_coral":6,"minecraft:horn_coral":8,"regions_unexplored:tassel":2,"minecraft:dirt":7,"minecraft:raw_copper":18,"minecraft:wooden_sword":2,"botania:black_mystical_flower":2,"minecraft:apple":1,"twigs:opaline_seashell":6,"minecraft:bone":3,"promenade:palm_log":7,"minecraft:kelp":39,"minecraft:wheat_seeds":3,"twigs:pebble":8,"minecraft:iron_ingot":1,"minecraft:jungle_sapling":38,"twigs:twig":75,"minecraft:bamboo":80,"minecraft:melon_slice":87,"minecraft:sugar_cane":3,"botania:gray_mystical_flower":1,"minecraft:furnace":1,"minecraft:egg":1,"minecraft:stick":1,"minecraft:raw_iron":3,"minecraft:torch":2,"techreborn:raw_lead":5,"techreborn:ruby_gem":6,"twigs:bamboo_leaves":21,"bewitchment:belladonna_seeds":4,"bewitchment:salt":1,"techreborn:sapphire_gem":10,"regions_unexplored:daisy":2,"techreborn:peridot_gem":1,"minecraft:arrow":3,"minecraft:rotten_flesh":1,"minecraft:diamond":6,"botania:orange_mystical_flower":1,"minecraft:hay_block":4,"minecraft:crossbow":1,"regions_unexplored:redwood_shrub":8,"minecraft:carved_pumpkin":4,"minecraft:gray_wool":1,"minecells:broadsword":1,"minecraft:oak_sapling":53,"botania:green_mystical_flower":1,"minecraft:mutton":4,"twigs:tangerine_seashell":2,"minecraft:coal":98,"minecraft:white_wool":2,"minecraft:cobblestone":97},"minecraft:crafted":{"minecraft:wooden_sword":2,"minecraft:diamond_axe":1,"minecraft:crafting_table":1,"minecraft:jungle_boat":1,"minecraft:wooden_pickaxe":1,"minecraft:furnace":1,"minecraft:jungle_planks":60,"techreborn:tin_ingot":3,"minecraft:stick":18,"minecraft:iron_pickaxe":1,"minecraft:iron_ingot":3,"minecraft:stone_pickaxe":2,"minecraft:wooden_axe":1,"minecraft:stone_sword":1,"minecraft:chest":3,"minecraft:torch":4}},"DataVersion":3465}