{"stats":{"minecraft:dropped":{"botania:green_mystical_flower":1,"minecraft:rotten_flesh":1,"regions_unexplored:tassel":2,"regions_unexplored:flowering_shrub":3,"twigs:opaline_seashell":1,"regions_unexplored:daisy":2},"minecraft:killed":{"promenade:sunken_skeleton":2},"minecraft:used":{"minecraft:stone_sword":13,"minecraft:melon_slice":4},"minecraft:mined":{"minecraft:tall_seagrass":1,"twigs:pebble":4,"minecraft:kelp_plant":15,"twigs:tangerine_seashell":2,"regions_unexplored:sandy_grass":1,"minecraft:grass":5,"twigs:roseate_seashell":1,"minecraft:melon":13,"minecraft:cocoa":2,"botania:gray_mystical_flower":1,"minecraft:kelp":13,"minecraft:lily_pad":1,"minecraft:bamboo":7,"minecraft:sugar_cane":1,"twigs:opaline_seashell":6,"minecraft:fern":2},"minecraft:custom":{"minecraft:time_since_rest":21572,"minecraft:sprint_one_cm":15126,"minecraft:damage_taken":232,"minecraft:walk_one_cm":57894,"minecraft:mob_kills":2,"minecraft:drop":7,"minecraft:damage_dealt":387,"minecraft:fly_one_cm":2938,"minecraft:play_time":21572,"minecraft:walk_under_water_one_cm":2843,"minecraft:jump":237,"minecraft:damage_dealt_resisted":0,"minecraft:damage_resisted":0,"minecraft:time_since_death":21572,"minecraft:walk_on_water_one_cm":54874,"minecraft:hex":0,"minecraft:climb_one_cm":2679,"minecraft:total_world_time":21572,"minecraft:fall_one_cm":5430},"minecraft:picked_up":{"minecraft:cocoa_beans":2,"minecraft:salmon":2,"twigs:roseate_seashell":1,"regions_unexplored:flowering_shrub":3,"twigs:bamboo_leaves":18,"bewitchment:belladonna_seeds":2,"minecraft:oak_log":10,"minecraft:lily_pad":1,"croptopia:kumquat":7,"minecraft:horn_coral":8,"minecraft:fire_coral":6,"regions_unexplored:daisy":2,"regions_unexplored:tassel":2,"botania:black_mystical_flower":2,"minecraft:bone":3,"minecraft:arrow":3,"twigs:opaline_seashell":6,"minecraft:rotten_flesh":1,"minecraft:kelp":39,"twigs:pebble":4,"minecraft:crossbow":1,"botania:green_mystical_flower":1,"minecraft:melon_slice":55,"minecraft:bamboo":74,"minecraft:oak_sapling":7,"twigs:twig":2,"minecraft:sugar_cane":3,"twigs:tangerine_seashell":2,"botania:gray_mystical_flower":1,"minecraft:egg":1}},"DataVersion":3465}