{"stats":{"minecraft:dropped":{"bewitchment:aconite_seeds":2,"minecraft:wheat_seeds":6,"vinery:jungle_grape_seeds_white":4,"croptopia:fig":5,"bewitchment:garlic":4},"minecraft:killed":{"promenade:sunken_skeleton":1},"minecraft:mined":{"vinery:jungle_grape_bush_red":8,"expandeddelight:wild_sweet_potatoes":9,"croptopia:eggplant_crop":1,"croptopia:fig_crop":5,"botania:red_mystical_flower":1,"minecraft:jungle_leaves":5,"herbalbrews:hibiscus":4,"minecraft:dandelion":3,"treechop:chopped_log":1,"minecraft:crafting_table":1,"minecraft:grass":123,"minecraft:oak_log":1,"minecraft:poppy":7,"minecraft:melon":8,"minecraft:vine":9,"vinery:jungle_grape_bush_white":1,"minecraft:sugar_cane":5,"botania:light_blue_mystical_flower":2,"minecraft:oak_leaves":7,"minecraft:fern":43,"herbalbrews:wild_coffee_plant":4},"minecraft:used":{"minecraft:oak_log":1,"minecraft:stone_sword":10,"immersive_armors:heavy_chestplate":1,"minecraft:iron_helmet":1,"minecraft:iron_sword":7,"minecraft:crafting_table":1,"minecraft:oak_boat":2},"minecraft:killed_by":{"creeperoverhaul:ocean_creeper":1,"minecraft:skeleton":2},"minecraft:custom":{"minecraft:time_since_rest":11435,"minecraft:sprint_one_cm":38349,"lootr:looted_stat":7,"minecraft:damage_taken":1596,"minecraft:walk_one_cm":75259,"minecraft:mob_kills":1,"minecraft:drop":6,"minecraft:damage_dealt":199,"minecraft:swim_one_cm":11080,"minecraft:interact_with_crafting_table":1,"minecraft:fly_one_cm":34786,"minecraft:play_time":26702,"minecraft:deaths":3,"minecraft:walk_under_water_one_cm":1639,"minecraft:boat_one_cm":131363,"minecraft:damage_dealt_resisted":0,"minecraft:jump":481,"minecraft:walk_on_water_one_cm":3572,"minecraft:time_since_death":11408,"minecraft:climb_one_cm":7573,"minecraft:total_world_time":26702,"minecraft:hex":0,"minecraft:fall_one_cm":15138},"minecraft:picked_up":{"botania:red_mystical_flower":1,"minecraft:crafting_table":1,"vinery:jungle_grape_seeds_red":15,"minecraft:dandelion":3,"herbalbrews:tea_blossom":3,"herbalbrews:hibiscus":4,"bewitchment:belladonna_seeds":5,"minecraft:lily_pad":8,"minecraft:oak_log":6,"croptopia:eggplant_seed":1,"croptopia:fig":5,"expandeddelight:sweet_potato":8,"bewitchment:aconite_seeds":2,"botania:light_blue_mystical_flower":2,"croptopia:eggplant":1,"bewitchment:garlic":4,"minecraft:apple":1,"minecraft:wheat_seeds":20,"bewitchment:mandrake_seeds":5,"minecraft:oak_boat":2,"minecraft:jungle_sapling":1,"minecraft:poppy":7,"twigs:twig":6,"minecraft:oak_sapling":3,"minecraft:melon_slice":43,"minecraft:sugar_cane":12,"vinery:jungle_grape_seeds_white":4},"minecraft:crafted":{"minecraft:oak_boat":1,"minecraft:oak_planks":20,"minecraft:crafting_table":1}},"DataVersion":3465}