{"stats":{"minecraft:dropped":{"twigs:roseate_seashell":1,"minecraft:rotten_flesh":1,"botania:gray_mystical_flower":1,"regions_unexplored:tassel":2,"regions_unexplored:flowering_shrub":3,"regions_unexplored:daisy":2,"twigs:tangerine_seashell":2,"minecraft:gray_wool":1,"botania:green_mystical_flower":1,"twigs:opaline_seashell":1},"minecraft:killed":{"promenade:sunken_skeleton":2,"minecraft:sheep":3,"friendsandfoes:mauler":1},"minecraft:mined":{"regions_unexplored:redwood_shrub":8,"twigs:pebble":6,"botania:orange_mystical_flower":1,"minecraft:kelp_plant":15,"minecraft:carved_pumpkin":4,"minecraft:crafting_table":1,"minecraft:grass_block":2,"minecraft:melon":21,"twigs:roseate_seashell":1,"minecraft:jungle_log":2,"minecraft:dead_bush":1,"minecraft:lily_pad":1,"minecraft:sugar_cane":1,"minecraft:kelp":13,"minecraft:hay_block":4,"minecraft:tall_seagrass":1,"twigs:tangerine_seashell":2,"treechop:chopped_log":3,"regions_unexplored:sandy_grass":1,"minecraft:grass":10,"minecraft:vine":6,"minecraft:cocoa":3,"minecraft:dirt":1,"botania:gray_mystical_flower":1,"minecraft:bamboo":8,"minecraft:stone":1,"minecraft:oak_leaves":3,"twigs:opaline_seashell":6,"minecraft:fern":5},"minecraft:used":{"promenade:palm_log":7,"minecraft:stone_sword":33,"minecraft:carved_pumpkin":4,"minecraft:wooden_pickaxe":1,"minecraft:jungle_boat":2,"minecraft:dirt":1,"minecraft:crafting_table":2,"minecraft:melon_slice":9,"minecraft:wooden_sword":1,"minecraft:hay_block":4},"minecraft:killed_by":{"creeperoverhaul:ocean_creeper":1,"graveyard:skeleton_creeper":1},"minecraft:custom":{"minecraft:mob_kills":7,"minecraft:interact_with_crafting_table":3,"minecraft:damage_dealt_resisted":0,"minecraft:time_since_death":6481,"minecraft:climb_one_cm":6113,"minecraft:damage_resisted":0,"minecraft:hex":0,"minecraft:time_since_rest":7438,"minecraft:sprint_one_cm":33167,"minecraft:damage_taken":936,"minecraft:walk_one_cm":136408,"minecraft:drop":11,"minecraft:damage_dealt":882,"minecraft:fly_one_cm":11754,"minecraft:play_time":45572,"minecraft:sneak_time":86,"minecraft:deaths":2,"minecraft:walk_under_water_one_cm":3402,"minecraft:boat_one_cm":22401,"minecraft:jump":586,"minecraft:walk_on_water_one_cm":83479,"minecraft:total_world_time":45572,"minecraft:fall_one_cm":14619},"minecraft:picked_up":{"minecraft:cocoa_beans":10,"minecraft:crafting_table":1,"minecraft:jungle_boat":2,"minecraft:jungle_log":124,"minecraft:salmon":2,"twigs:roseate_seashell":1,"regions_unexplored:flowering_shrub":3,"minecraft:oak_log":10,"minecraft:lily_pad":1,"croptopia:kumquat":7,"minecraft:fire_coral":6,"minecraft:horn_coral":8,"regions_unexplored:tassel":2,"minecraft:dirt":3,"botania:black_mystical_flower":2,"twigs:opaline_seashell":6,"minecraft:bone":3,"promenade:palm_log":7,"minecraft:kelp":39,"twigs:pebble":6,"minecraft:jungle_sapling":10,"twigs:twig":13,"minecraft:bamboo":80,"minecraft:melon_slice":87,"minecraft:sugar_cane":3,"botania:gray_mystical_flower":1,"minecraft:egg":1,"minecraft:stick":1,"twigs:bamboo_leaves":21,"bewitchment:belladonna_seeds":4,"regions_unexplored:daisy":2,"minecraft:arrow":3,"minecraft:rotten_flesh":1,"botania:orange_mystical_flower":1,"minecraft:hay_block":4,"minecraft:crossbow":1,"regions_unexplored:redwood_shrub":8,"minecraft:carved_pumpkin":4,"minecraft:gray_wool":1,"minecraft:oak_sapling":7,"botania:green_mystical_flower":1,"minecraft:mutton":4,"twigs:tangerine_seashell":2,"minecraft:white_wool":2},"minecraft:crafted":{"minecraft:wooden_sword":2,"minecraft:crafting_table":1,"minecraft:jungle_boat":1,"minecraft:wooden_pickaxe":1,"minecraft:jungle_planks":28,"minecraft:stick":8,"minecraft:wooden_axe":1}},"DataVersion":3465}