{"stats":{"minecraft:dropped":{"minecraft:water_bucket":1,"mcdw:sword_katana":1,"minecraft:iron_ingot":13,"herbalbrews:hibiscus":4,"minecraft:brown_mushroom":12,"naturalist:snail_shell":1,"minecraft:wheat_seeds":6,"botania:red_mystical_flower":6,"minecraft:crafting_table":2,"croptopia:eggplant":1,"vinery:jungle_grape_seeds_white":4,"minecraft:book":6,"regions_unexplored:yellow_lupine":3,"minecraft:apple":1,"minecraft:acacia_log":2,"minecraft:red_mushroom":3,"minecraft:stick":4,"bewitchment:aconite_seeds":3,"minecraft:mutton":1,"twigs:bronzed_seashell":2,"botania:green_mystical_flower":3,"regions_unexplored:barley":59,"bewitchment:garlic":4,"minecraft:iron_pickaxe":2,"minecraft:smooth_sandstone":11,"archers:archer_armor_feet":1,"minecraft:white_wool":8,"bewitchment:belladonna_seeds":7,"minecraft:bone":3,"croptopia:eggplant_seed":6,"paladins:paladin_armor_feet":2,"botania:yellow_double_flower":1,"minecraft:cocoa_beans":6,"minecraft:obsidian":3,"minecraft:rotten_flesh":6,"minecraft:smoker":1,"minecraft:oak_planks":46,"minecraft:leather_chestplate":2,"rogues:rogue_armor_head":1,"minecraft:poppy":7,"supplementaries:flax_seeds":2,"regions_unexplored:red_lupine":1,"bewitchment:mandrake_seeds":5,"minecraft:oak_boat":3,"croptopia:fig":5,"minecraft:slime_ball":6,"minecraft:sandstone":2,"minecraft:arrow":3,"minecraft:bow":1,"botania:pink_mystical_flower":7,"minecraft:bread":1},"minecraft:killed":{"minecraft:spider":2,"promenade:sunken_skeleton":1,"minecraft:slime":3,"naturalist:snail":2,"minecraft:skeleton":14,"minecraft:drowned":3,"minecraft:parrot":1,"minecraft:sheep":7,"tinyskeletons:baby_skeleton":1,"minecraft:zombie":6,"minecraft:enderman":1},"minecraft:used":{"minecraft:stone_sword":10,"minecraft:polished_basalt":2,"minecraft:shield":2,"minecraft:chest":2,"minecraft:iron_sword":372,"minecraft:player_head":2,"minecraft:torch":94,"minecraft:mutton":1,"minecraft:jungle_planks":21,"minecraft:shroomlight":5,"minecraft:dark_oak_planks":7,"minecraft:stripped_dark_oak_wood":5,"minecraft:smooth_sandstone":13,"immersive_armors:heavy_chestplate":1,"minecraft:iron_helmet":1,"minecraft:dark_oak_slab":3,"travelersbackpack:enderman":2,"regions_unexplored:yellow_lupine":1,"simplyswords:brimstone_claymore":98,"minecraft:birch_planks":2,"minecraft:sandstone":18,"minecraft:white_wool":1,"minecraft:crafting_table":3,"minecraft:book":4,"minecraft:oak_log":1,"minecraft:apple":3,"wizards:wizard_robe_chest":4,"minecraft:bread":27,"minecraft:iron_pickaxe":124,"mcdw:sword_katana":9,"archers:ranger_armor_chest":4,"minecraft:azalea_leaves":10,"minecraft:cobblestone":2,"travelersbackpack:standard":1,"minecraft:crimson_stairs":1,"minecraft:oak_boat":7},"minecraft:mined":{"minecraft:dark_oak_planks":2,"regions_unexplored:barley":62,"minecraft:black_candle_cake":1,"botania:red_mystical_flower":8,"minecraft:jungle_leaves":5,"herbalbrews:hibiscus":4,"botania:pink_double_flower":1,"minecraft:sea_lantern":1,"expandeddelight:wild_peanuts":2,"minecraft:allium":1,"minecraft:acacia_log":2,"minecraft:grass_block":5,"swampier_swamps:cattail":5,"minecraft:jungle_planks":1,"regions_unexplored:poppy_bush":12,"supplementaries:faucet":1,"minecraft:frosted_ice":1,"minecraft:moss_block":2,"minecraft:red_mushroom":2,"minecraft:sandstone":18,"minecraft:oxeye_daisy":1,"minecraft:mangrove_propagule":1,"botania:light_gray_mystical_flower":11,"minecraft:spawner":18,"botania:purple_mystical_flower":6,"botania:magenta_mystical_flower":6,"minecraft:carrots":16,"croptopia:fig_crop":5,"minecraft:polished_basalt":1,"botania:lime_double_flower":1,"treechop:chopped_log":2,"twigs:bronzed_seashell":2,"minecraft:stripped_dark_oak_wood":4,"minecraft:dark_oak_stairs":2,"minecraft:potatoes":13,"minecraft:flowering_azalea_leaves":2,"minecraft:shroomlight":5,"minecraft:bookshelf":22,"minecraft:vine":11,"croptopia:apple_crop":23,"minecraft:smooth_quartz_stairs":2,"minecraft:pink_tulip":1,"minecraft:spruce_wood":1,"regions_unexplored:medium_grass":28,"botania:brown_mystical_flower":6,"minecraft:cake":1,"minecraft:stone":2,"botania:light_blue_double_flower":1,"botania:light_blue_mystical_flower":8,"minecraft:player_head":4,"minecraft:white_wool":1,"botania:green_mystical_flower":18,"supplementaries:book_pile_horizontal":2,"vinery:jungle_grape_bush_red":8,"minecraft:flowering_azalea":4,"expandeddelight:wild_sweet_potatoes":9,"twigs:pebble":1,"botania:lime_mystical_flower":1,"botania:orange_mystical_flower":6,"minecraft:brown_mushroom":3,"croptopia:eggplant_crop":1,"regions_unexplored:red_lupine":1,"regions_unexplored:yellow_lupine":2,"minecraft:smoker":1,"minecraft:dandelion":45,"minecraft:smooth_sandstone":39,"minecraft:crafting_table":2,"minecraft:cornflower":1,"minecraft:torch":1,"botania:green_double_flower":1,"botania:yellow_double_flower":2,"minecraft:emerald_ore":1,"minecraft:poppy":29,"minecraft:melon":8,"minecraft:rose_bush":3,"supplementaries:wild_flax":2,"minecraft:stone_slab":1,"supplementaries:sack":1,"minecraft:tall_grass":13,"botania:blue_mystical_flower":4,"minecraft:cyan_bed":1,"minecraft:lily_pad":1,"minecraft:sugar_cane":7,"herbalbrews:wild_coffee_plant":4,"botania:pink_mystical_flower":24,"botania:cyan_mystical_flower":3,"minecraft:birch_planks":2,"minecraft:dark_oak_slab":3,"minecraft:wheat":11,"amendments:directional_cake":1,"herbalbrews:wild_rooibos_plant":1,"minecraft:mangrove_leaves":1,"regions_unexplored:sandy_grass":1,"minecraft:grass":210,"minecraft:coal_ore":23,"botania:white_mystical_flower":5,"minecraft:oak_log":1,"botania:yellow_mystical_flower":24,"minecraft:beetroots":2,"minecraft:cocoa":2,"vinery:jungle_grape_bush_white":1,"botania:gray_mystical_flower":8,"supplementaries:pancake":1,"regions_unexplored:blue_magnolia_shrub":2,"minecraft:oak_leaves":44,"minecraft:fern":50},"minecraft:killed_by":{"creeperoverhaul:ocean_creeper":1,"minecraft:skeleton":9},"minecraft:custom":{"lootr:looted_stat":59,"minecraft:mob_kills":43,"minecraft:interact_with_crafting_table":5,"minecraft:bell_ring":1,"minecraft:damage_dealt_resisted":0,"minecraft:eat_cake_slice":2,"minecraft:damage_resisted":0,"minecraft:time_since_death":13772,"minecraft:climb_one_cm":9619,"minecraft:sprint_one_cm":493711,"minecraft:walk_one_cm":551627,"minecraft:damage_blocked_by_shield":560,"minecraft:drop":84,"minecraft:play_noteblock":1,"minecraft:talked_to_villager":1,"minecraft:play_time":188702,"minecraft:deaths":10,"minecraft:sneak_time":1306,"minecraft:walk_under_water_one_cm":5144,"minecraft:boat_one_cm":239541,"minecraft:jump":2722,"minecraft:walk_on_water_one_cm":19922,"minecraft:total_world_time":188702,"minecraft:tune_noteblock":4,"minecraft:hex":0,"minecraft:time_since_rest":13794,"minecraft:damage_taken":8904,"minecraft:damage_dealt":11582,"minecraft:swim_one_cm":11080,"minecraft:fly_one_cm":216343,"minecraft:open_chest":4,"minecraft:crouch_one_cm":1801,"minecraft:threat":6,"minecraft:interact_with_smoker":2,"minecraft:fall_one_cm":58275},"minecraft:picked_up":{"regions_unexplored:small_oak_log":7,"minecraft:cocoa_beans":6,"minecraft:crafting_table":2,"minecraft:allium":1,"minecraft:brown_mushroom":12,"regions_unexplored:blue_magnolia_shrub":2,"botania:light_blue_double_flower":1,"regions_unexplored:poppy_bush":13,"minecraft:beetroot":1,"minecraft:shroomlight":5,"travelersbackpack:enderman":1,"minecraft:oak_boat":9,"minecraft:player_head":4,"minecraft:jungle_sapling":1,"minecraft:iron_pickaxe":1,"minecraft:poppy":7,"minecraft:sugar_cane":14,"minecraft:melon_slice":43,"minecraft:smooth_quartz_stairs":2,"vinery:jungle_grape_seeds_white":4,"minecraft:stick":8,"minecraft:sandstone":20,"minecraft:torch":2,"botania:yellow_mystical_flower":13,"minecraft:acacia_log":2,"croptopia:fig":5,"minecraft:carrot":57,"minecraft:dark_oak_planks":7,"botania:white_mystical_flower":3,"regions_unexplored:barley":59,"minecraft:diamond_chestplate":1,"bewitchment:garlic":4,"minecraft:arrow":15,"minecraft:rotten_flesh":7,"minecraft:beetroot_seeds":4,"archers:archer_armor_feet":1,"minecraft:polished_basalt":2,"minecraft:stripped_dark_oak_wood":7,"supplementaries:faucet":1,"minecraft:obsidian":3,"botania:green_mystical_flower":7,"minecraft:mutton":2,"minecraft:cobblestone":2,"minecraft:skeleton_skull":2,"minecraft:white_wool":14,"minecraft:leather_chestplate":2,"minecraft:water_bucket":1,"minecraft:jungle_log":5,"minecraft:smoker":1,"vinery:jungle_grape_seeds_red":15,"rogues:rogue_armor_head":1,"minecraft:red_mushroom":3,"minecraft:potato":45,"herbalbrews:tea_blossom":3,"minecraft:birch_planks":2,"regions_unexplored:red_lupine":1,"minecraft:oak_log":6,"minecraft:lily_pad":8,"supplementaries:flax_seeds":2,"expandeddelight:sweet_potato":8,"bewitchment:aconite_seeds":4,"minecraft:dirt":3,"regions_unexplored:small_oak_sapling":2,"croptopia:eggplant":1,"botania:light_blue_mystical_flower":8,"mcdw:sword_katana":1,"minecraft:smooth_sandstone":24,"minecraft:bone":14,"botania:cyan_mystical_flower":2,"minecraft:apple":24,"minecraft:wheat_seeds":44,"botania:pink_mystical_flower":12,"botania:purple_mystical_flower":3,"minecraft:spruce_wood":1,"bewitchment:mandrake_seeds":5,"minecraft:iron_ingot":13,"minecraft:moss_block":1,"twigs:twig":9,"naturalist:snail_shell":1,"minecraft:flowering_azalea":4,"minecraft:oak_planks":39,"botania:gray_mystical_flower":4,"regions_unexplored:yellow_lupine":4,"minecraft:black_candle":2,"minecraft:dark_oak_slab":3,"minecraft:book":67,"botania:red_mystical_flower":6,"botania:yellow_double_flower":1,"minecraft:dandelion":45,"minecraft:jungle_planks":1,"minecraft:crimson_stairs":1,"bewitchment:belladonna_seeds":7,"herbalbrews:hibiscus":8,"twigs:bronzed_seashell":2,"croptopia:eggplant_seed":6,"travelersbackpack:standard":1,"paladins:paladin_armor_feet":1,"minecraft:slime_ball":7,"minecraft:emerald":1,"minecraft:bread":1,"minecraft:oak_sapling":3,"minecraft:coal":23,"botania:brown_mystical_flower":1,"minecraft:wheat":8},"minecraft:crafted":{"minecraft:oak_planks":48,"botania:flower_bag":1,"minecraft:chest":2,"botania:light_blue_petal":8,"minecraft:dark_oak_planks":8,"minecraft:crafting_table":3,"minecraft:spruce_planks":4,"minecraft:jungle_planks":20,"minecraft:oak_boat":1,"minecraft:stick":30,"minecraft:iron_pickaxe":2,"minecraft:torch":92}},"DataVersion":3465}