{"stats":{"minecraft:dropped":{"croptopia:fig":5},"minecraft:mined":{"vinery:jungle_grape_bush_red":8,"expandeddelight:wild_sweet_potatoes":9,"croptopia:eggplant_crop":1,"croptopia:fig_crop":5,"minecraft:jungle_leaves":5,"herbalbrews:hibiscus":3,"minecraft:dandelion":2,"treechop:chopped_log":1,"minecraft:grass":122,"minecraft:oak_log":1,"minecraft:poppy":4,"minecraft:melon":8,"minecraft:vine":1,"vinery:jungle_grape_bush_white":1,"botania:light_blue_mystical_flower":2,"minecraft:oak_leaves":7,"minecraft:fern":43,"herbalbrews:wild_coffee_plant":4},"minecraft:used":{"minecraft:oak_log":1},"minecraft:killed_by":{"minecraft:skeleton":2},"minecraft:custom":{"minecraft:time_since_rest":6418,"minecraft:sprint_one_cm":32158,"lootr:looted_stat":4,"minecraft:damage_taken":1170,"minecraft:walk_one_cm":59348,"minecraft:drop":1,"minecraft:swim_one_cm":591,"minecraft:fly_one_cm":30262,"minecraft:play_time":14702,"minecraft:deaths":2,"minecraft:walk_under_water_one_cm":1125,"minecraft:jump":371,"minecraft:walk_on_water_one_cm":87,"minecraft:time_since_death":6390,"minecraft:climb_one_cm":5640,"minecraft:total_world_time":14702,"minecraft:hex":0,"minecraft:fall_one_cm":12557},"minecraft:picked_up":{"vinery:jungle_grape_seeds_red":15,"minecraft:dandelion":2,"herbalbrews:tea_blossom":3,"herbalbrews:hibiscus":3,"bewitchment:belladonna_seeds":5,"minecraft:oak_log":6,"croptopia:eggplant_seed":1,"croptopia:fig":5,"expandeddelight:sweet_potato":8,"bewitchment:aconite_seeds":2,"botania:light_blue_mystical_flower":2,"croptopia:eggplant":1,"bewitchment:garlic":2,"minecraft:apple":1,"minecraft:wheat_seeds":20,"bewitchment:mandrake_seeds":5,"minecraft:jungle_sapling":1,"minecraft:poppy":4,"twigs:twig":6,"minecraft:oak_sapling":3,"minecraft:melon_slice":43,"vinery:jungle_grape_seeds_white":4}},"DataVersion":3465}