{"stats":{"minecraft:dropped":{"herbalbrews:hibiscus":4,"minecraft:wheat_seeds":6,"botania:red_mystical_flower":6,"minecraft:crafting_table":1,"croptopia:eggplant":1,"vinery:jungle_grape_seeds_white":4,"minecraft:oak_planks":7,"regions_unexplored:yellow_lupine":3,"minecraft:apple":1,"bewitchment:aconite_seeds":2,"minecraft:poppy":7,"supplementaries:flax_seeds":2,"regions_unexplored:red_lupine":1,"minecraft:mutton":1,"botania:green_mystical_flower":3,"regions_unexplored:barley":59,"minecraft:oak_boat":3,"croptopia:fig":5,"bewitchment:garlic":4,"minecraft:slime_ball":2,"botania:pink_mystical_flower":7,"archers:archer_armor_feet":1,"minecraft:white_wool":8,"croptopia:eggplant_seed":5},"minecraft:killed":{"promenade:sunken_skeleton":1,"minecraft:sheep":7,"minecraft:drowned":2},"minecraft:mined":{"botania:green_mystical_flower":3,"vinery:jungle_grape_bush_red":8,"expandeddelight:wild_sweet_potatoes":9,"minecraft:brown_mushroom":3,"croptopia:eggplant_crop":1,"regions_unexplored:red_lupine":1,"regions_unexplored:barley":62,"botania:red_mystical_flower":6,"regions_unexplored:yellow_lupine":2,"minecraft:jungle_leaves":5,"herbalbrews:hibiscus":4,"minecraft:dandelion":3,"minecraft:crafting_table":2,"botania:yellow_double_flower":1,"minecraft:poppy":7,"minecraft:melon":8,"regions_unexplored:poppy_bush":12,"supplementaries:wild_flax":2,"minecraft:tall_grass":6,"minecraft:sugar_cane":6,"herbalbrews:wild_coffee_plant":4,"botania:pink_mystical_flower":7,"botania:cyan_mystical_flower":1,"botania:magenta_mystical_flower":4,"croptopia:fig_crop":5,"treechop:chopped_log":1,"minecraft:grass":147,"botania:yellow_mystical_flower":8,"minecraft:oak_log":1,"minecraft:vine":9,"vinery:jungle_grape_bush_white":1,"regions_unexplored:medium_grass":21,"botania:brown_mystical_flower":1,"botania:light_blue_mystical_flower":4,"minecraft:white_wool":1,"minecraft:oak_leaves":7,"minecraft:fern":44},"minecraft:used":{"regions_unexplored:yellow_lupine":1,"minecraft:stone_sword":10,"minecraft:iron_sword":47,"minecraft:white_wool":1,"minecraft:mutton":1,"minecraft:crafting_table":2,"minecraft:oak_log":1,"minecraft:apple":1,"minecraft:bread":3,"mcdw:sword_katana":6,"immersive_armors:heavy_chestplate":1,"minecraft:iron_helmet":1,"minecraft:oak_boat":6},"minecraft:killed_by":{"creeperoverhaul:ocean_creeper":1,"minecraft:skeleton":2},"minecraft:custom":{"lootr:looted_stat":7,"minecraft:mob_kills":10,"minecraft:interact_with_crafting_table":3,"minecraft:damage_dealt_resisted":0,"minecraft:time_since_death":35408,"minecraft:climb_one_cm":7573,"minecraft:hex":0,"minecraft:time_since_rest":35435,"minecraft:sprint_one_cm":108340,"minecraft:damage_taken":1664,"minecraft:walk_one_cm":126466,"minecraft:drop":39,"minecraft:damage_dealt":1224,"minecraft:swim_one_cm":11080,"minecraft:fly_one_cm":61274,"minecraft:play_time":50702,"minecraft:deaths":3,"minecraft:walk_under_water_one_cm":1639,"minecraft:boat_one_cm":213326,"minecraft:jump":687,"minecraft:walk_on_water_one_cm":4256,"minecraft:total_world_time":50702,"minecraft:fall_one_cm":19094},"minecraft:picked_up":{"minecraft:crafting_table":2,"vinery:jungle_grape_seeds_red":15,"minecraft:brown_mushroom":8,"herbalbrews:tea_blossom":3,"supplementaries:flax_seeds":2,"minecraft:oak_log":6,"minecraft:lily_pad":8,"regions_unexplored:red_lupine":1,"bewitchment:aconite_seeds":2,"expandeddelight:sweet_potato":8,"regions_unexplored:poppy_bush":13,"botania:light_blue_mystical_flower":4,"croptopia:eggplant":1,"minecraft:apple":2,"botania:pink_mystical_flower":7,"minecraft:wheat_seeds":20,"bewitchment:mandrake_seeds":5,"minecraft:oak_boat":8,"minecraft:jungle_sapling":1,"minecraft:poppy":7,"minecraft:melon_slice":43,"twigs:twig":6,"minecraft:sugar_cane":12,"minecraft:oak_planks":7,"regions_unexplored:yellow_lupine":4,"vinery:jungle_grape_seeds_white":4,"botania:red_mystical_flower":6,"minecraft:dandelion":3,"herbalbrews:hibiscus":8,"bewitchment:belladonna_seeds":5,"croptopia:eggplant_seed":6,"croptopia:fig":5,"regions_unexplored:barley":59,"bewitchment:garlic":4,"minecraft:slime_ball":2,"archers:archer_armor_feet":1,"minecraft:oak_sapling":3,"botania:green_mystical_flower":3,"minecraft:mutton":2,"minecraft:white_wool":14},"minecraft:crafted":{"minecraft:oak_planks":20,"minecraft:crafting_table":2,"minecraft:oak_boat":1,"botania:flower_bag":1,"botania:light_blue_petal":8}},"DataVersion":3465}