{"stats":{"minecraft:dropped":{"herbalbrews:hibiscus":4,"minecraft:wheat_seeds":6,"botania:red_mystical_flower":6,"minecraft:crafting_table":1,"croptopia:eggplant":1,"vinery:jungle_grape_seeds_white":4,"minecraft:rotten_flesh":2,"minecraft:oak_planks":14,"regions_unexplored:yellow_lupine":3,"minecraft:apple":1,"bewitchment:aconite_seeds":2,"minecraft:poppy":7,"supplementaries:flax_seeds":2,"regions_unexplored:red_lupine":1,"minecraft:mutton":1,"botania:green_mystical_flower":3,"regions_unexplored:barley":59,"minecraft:oak_boat":3,"croptopia:fig":5,"bewitchment:garlic":4,"minecraft:slime_ball":2,"botania:pink_mystical_flower":7,"archers:archer_armor_feet":1,"minecraft:white_wool":8,"croptopia:eggplant_seed":6},"minecraft:killed":{"promenade:sunken_skeleton":1,"minecraft:sheep":7,"minecraft:drowned":3},"minecraft:mined":{"botania:green_mystical_flower":10,"vinery:jungle_grape_bush_red":8,"twigs:pebble":1,"expandeddelight:wild_sweet_potatoes":9,"botania:orange_mystical_flower":4,"minecraft:brown_mushroom":3,"croptopia:eggplant_crop":1,"regions_unexplored:red_lupine":1,"regions_unexplored:barley":62,"botania:red_mystical_flower":6,"regions_unexplored:yellow_lupine":2,"minecraft:jungle_leaves":5,"herbalbrews:hibiscus":4,"botania:pink_double_flower":1,"minecraft:dandelion":27,"expandeddelight:wild_peanuts":1,"minecraft:crafting_table":2,"minecraft:cornflower":1,"botania:yellow_double_flower":1,"minecraft:acacia_log":2,"minecraft:grass_block":1,"minecraft:poppy":19,"minecraft:melon":8,"regions_unexplored:poppy_bush":12,"supplementaries:wild_flax":2,"minecraft:tall_grass":9,"botania:blue_mystical_flower":2,"minecraft:oxeye_daisy":1,"minecraft:red_mushroom":2,"minecraft:sugar_cane":7,"botania:light_gray_mystical_flower":5,"herbalbrews:wild_coffee_plant":4,"botania:pink_mystical_flower":14,"botania:cyan_mystical_flower":1,"botania:magenta_mystical_flower":4,"croptopia:fig_crop":5,"treechop:chopped_log":1,"minecraft:grass":172,"croptopia:apple_crop":23,"botania:yellow_mystical_flower":8,"minecraft:oak_log":1,"minecraft:vine":9,"vinery:jungle_grape_bush_white":1,"regions_unexplored:medium_grass":24,"botania:brown_mystical_flower":5,"botania:light_blue_mystical_flower":4,"minecraft:white_wool":1,"minecraft:oak_leaves":38,"minecraft:fern":44},"minecraft:used":{"regions_unexplored:yellow_lupine":1,"minecraft:stone_sword":10,"minecraft:iron_sword":57,"minecraft:white_wool":1,"minecraft:mutton":1,"minecraft:crafting_table":2,"minecraft:oak_log":1,"minecraft:apple":3,"minecraft:bread":3,"mcdw:sword_katana":6,"immersive_armors:heavy_chestplate":1,"minecraft:iron_helmet":1,"minecraft:oak_boat":6},"minecraft:killed_by":{"creeperoverhaul:ocean_creeper":1,"minecraft:skeleton":2},"minecraft:custom":{"lootr:looted_stat":9,"minecraft:mob_kills":11,"minecraft:interact_with_crafting_table":3,"minecraft:damage_dealt_resisted":0,"minecraft:time_since_death":47408,"minecraft:climb_one_cm":7573,"minecraft:hex":0,"minecraft:time_since_rest":47435,"minecraft:sprint_one_cm":142134,"minecraft:damage_taken":1727,"minecraft:walk_one_cm":164781,"minecraft:drop":43,"minecraft:damage_dealt":1428,"minecraft:swim_one_cm":11080,"minecraft:fly_one_cm":71543,"minecraft:play_time":62702,"minecraft:deaths":3,"minecraft:walk_under_water_one_cm":1639,"minecraft:boat_one_cm":218991,"minecraft:jump":827,"minecraft:walk_on_water_one_cm":5011,"minecraft:total_world_time":62702,"minecraft:fall_one_cm":21216},"minecraft:picked_up":{"minecraft:crafting_table":2,"vinery:jungle_grape_seeds_red":15,"minecraft:brown_mushroom":12,"minecraft:red_mushroom":3,"herbalbrews:tea_blossom":3,"supplementaries:flax_seeds":2,"minecraft:oak_log":6,"minecraft:lily_pad":8,"regions_unexplored:red_lupine":1,"bewitchment:aconite_seeds":2,"expandeddelight:sweet_potato":8,"regions_unexplored:poppy_bush":13,"botania:light_blue_mystical_flower":4,"croptopia:eggplant":1,"minecraft:apple":24,"botania:pink_mystical_flower":7,"minecraft:wheat_seeds":20,"bewitchment:mandrake_seeds":5,"minecraft:oak_boat":9,"minecraft:jungle_sapling":1,"minecraft:poppy":7,"minecraft:melon_slice":43,"twigs:twig":6,"minecraft:sugar_cane":14,"minecraft:oak_planks":7,"regions_unexplored:yellow_lupine":4,"vinery:jungle_grape_seeds_white":4,"botania:red_mystical_flower":6,"minecraft:acacia_log":2,"minecraft:dandelion":27,"herbalbrews:hibiscus":8,"bewitchment:belladonna_seeds":5,"croptopia:eggplant_seed":6,"croptopia:fig":5,"regions_unexplored:barley":59,"minecraft:rotten_flesh":2,"bewitchment:garlic":4,"minecraft:slime_ball":2,"archers:archer_armor_feet":1,"minecraft:oak_sapling":3,"botania:green_mystical_flower":3,"minecraft:mutton":2,"minecraft:white_wool":14},"minecraft:crafted":{"minecraft:oak_planks":20,"minecraft:crafting_table":2,"minecraft:oak_boat":1,"botania:flower_bag":1,"botania:light_blue_petal":8}},"DataVersion":3465}