{"stats":{"minecraft:dropped":{"minecraft:moss_block":15,"minecraft:diamond_axe":1,"minecraft:oak_log":40,"minecraft:crossbow":1,"minecraft:leather":4,"minecraft:jungle_planks":9,"travelersbackpack:standard":1,"regions_unexplored:flowering_shrub":3,"minecraft:flint":2,"minecraft:dirt":2,"minecells:nutcracker":1,"techreborn:raw_tin":12,"archon:diamond_mana_catalyst":1,"botania:green_mystical_flower":1,"minecells:throwing_knife":1,"beachparty:rubber_ring_pelican":2,"minecraft:wooden_sword":4,"minecraft:axolotl_bucket":1,"minecraft:iron_pickaxe":2,"ftbquests:book":1,"bewitchment:belladonna_seeds":4,"twigs:twig":2,"minecraft:gravel":3,"bewitchment:salt":1,"minecraft:rotten_flesh":15,"minecraft:oak_planks":1,"expandeddelight:sweet_potato":6,"techreborn:tin_ingot":4,"minecraft:gunpowder":1,"minecells:balanced_blade":1,"travelersbackpack:iron_golem":1,"botania:redstone_root":2,"minecraft:jungle_log":192,"minecraft:arrow":30,"minecraft:netherrack":64,"minecraft:water_bucket":1,"minecraft:wheat_seeds":70,"travelersbackpack:bookshelf":1,"botania:red_petal":2,"minecraft:iron_helmet":1,"botania:gray_mystical_flower":1,"regions_unexplored:tassel":2,"regions_unexplored:daisy":2,"minecraft:stick":6,"archon:mana_catalyst":1,"minecraft:gray_wool":1,"minecells:putrid_fence":2,"minecraft:wooden_axe":2,"minecraft:orange_bed":2,"twigs:opaline_seashell":1,"minecraft:moss_carpet":3,"twigs:roseate_seashell":1,"minecraft:raw_copper":4,"minecraft:tuff":4,"twigs:tangerine_seashell":2,"minecells:putrid_boards":8,"minecraft:stone":1,"minecells:health_flask":5,"minecraft:bow":2,"minecraft:stone_pickaxe":1,"minecraft:wooden_pickaxe":1,"wizards:wizard_robe_head":1},"minecraft:killed":{"minecraft:spider":2,"promenade:sunken_skeleton":5,"betternether:firefly":3,"minecraft:skeleton":13,"friendsandfoes:glare":3,"minecells:leaping_zombie":10,"minecells:protector":1,"minecells:grenadier":3,"minecraft:wolf":1,"minecraft:piglin":6,"minecraft:sheep":3,"minecraft:zombie":25,"minecells:shieldbearer":3,"minecells:mutated_bat":5,"minecells:undead_archer":4,"bewitchment:ghost":1,"naturalist:coral_snake":1,"friendsandfoes:mauler":1,"betternether:naga":3,"minecells:runner":1,"minecraft:hoglin":4,"minecraft:squid":3,"mythicmounts:netherbat":1,"minecraft:enderman":2},"minecraft:used":{"minecraft:writable_book":1,"croptopia:calamari":3,"minecraft:chest":19,"minecraft:stone":2,"mythicupgrades:jade_crystal_block":2,"minecraft:rotten_flesh":6,"minecells:cage":1,"minecraft:jungle_planks":2,"minecraft:axolotl_bucket":1,"minecraft:obsidian":14,"beachparty:rubber_ring_axolotl":1,"minecraft:lantern":1,"minecells:broadsword":31,"minecells:balanced_blade":11,"minecraft:hay_block":4,"minecraft:furnace":5,"minecraft:gold_block":1,"simplyswords:gold_spear":1,"minecraft:stone_pickaxe":210,"minecraft:oak_planks":1,"minecraft:blackstone":3,"minecraft:wooden_pickaxe":3,"spellbladenext:arcane_blade":13,"travelersbackpack:iron_golem":7,"minecraft:diamond_axe":251,"minecraft:jungle_boat":2,"minecraft:white_wool":2,"minecraft:glow_berries":8,"minecraft:sand":8,"simplyswords:diamond_claymore":44,"simplyswords:watcher_claymore":336,"minecraft:shears":32,"minecraft:melon_slice":21,"minecraft:bread":31,"minecraft:diamond_ore":19,"minecraft:wooden_sword":1,"minecraft:stone_sword":33,"minecraft:flint_and_steel":1,"minecraft:carved_pumpkin":4,"simplyswords:gold_sai":11,"minecraft:netherrack":42,"minecraft:orange_bed":1,"minecraft:torch":223,"minecraft:dirt":25,"minecraft:anvil":1,"minecells:blood_sword":17,"archon:channeler":1,"minecraft:cobbled_deepslate":23,"promenade:palm_log":7,"minecraft:water_bucket":28,"archon:diamond_mana_catalyst":1,"minecraft:bundle":1,"minecells:putrid_board_block":5,"minecraft:crafting_table":10,"botania:apothecary_default":1,"paladins:monk_workbench":1,"minecraft:diamond_pickaxe":2402,"runes:crafting_altar":1,"travelersbackpack:bookshelf":49,"minecraft:iron_pickaxe":624,"archon:scripture_table":2,"minecraft:fishing_rod":14,"minecraft:cobblestone":23,"travelersbackpack:standard":49,"minecraft:bucket":33},"minecraft:mined":{"create:deepslate_zinc_ore":25,"minecells:putrid_fence":5,"regions_unexplored:brimsprout":16,"botania:red_mystical_flower":2,"minecraft:jungle_leaves":10,"indrev:deepslate_tungsten_ore":5,"regions_unexplored:brimwood_leaves":1,"minecraft:obsidian":24,"minecraft:carved_pumpkin":4,"minecraft:cave_vines_plant":5,"botania:black_mushroom":4,"botania:light_blue_mushroom":4,"minecraft:grass_block":16,"minecraft:jungle_log":14,"twigs:twig":1,"promenade:blush_sakura_blossom_pile":8,"modern_industrialization:lignite_coal_ore":1,"minecells:putrid_board_block":1,"regions_unexplored:blue_bioshroom":10,"botania:light_gray_mystical_flower":2,"betternether:cincinnasite_ore":13,"botania:cyan_mushroom":3,"minecraft:tall_seagrass":1,"minecraft:raw_iron_block":1,"minecraft:magma_block":24,"minecraft:glowstone":23,"minecraft:iron_ore":5,"minecraft:cobbled_deepslate":2,"minecraft:fire":6,"techreborn:deepslate_lead_ore":35,"minecraft:moss_carpet":1,"twigs:silt":8,"create:asurine":19,"minecells:prison_torch":4,"minecraft:cave_vines":15,"minecraft:azalea":7,"bewitchment:deepslate_salt_ore":1,"techreborn:deepslate_galena_ore":8,"minecraft:orange_bed":1,"minecraft:deepslate_redstone_ore":3,"vinery:jungle_grape_bush_red":1,"ironchests:copper_chest":1,"botania:orange_mystical_flower":1,"techreborn:deepslate_bauxite_ore":20,"modern_industrialization:deepslate_tungsten_ore":2,"minecraft:blackstone":58,"soulsweapons:verglas_ore_deepslate":3,"minecraft:kelp_plant":15,"twigs:azalea_flowers":4,"mythicupgrades:sapphire_crystal_block":3,"minecraft:clay":9,"minecraft:torch":10,"techreborn:deepslate_tin_ore":4,"minecraft:calcite":5,"minecraft:melon":26,"minecells:skeleton":1,"minecraft:chest":12,"indrev:sulfur_crystal":7,"minecraft:dead_bush":1,"minecraft:nether_quartz_ore":131,"botania:brown_mushroom":1,"minecraft:cobblestone":2,"minecells:alchemy_equipment_2":1,"minecraft:oak_planks":1,"minecraft:sugar_cane":1,"betternether:nether_ruby_ore":14,"minecraft:wall_torch":7,"botania:blue_mushroom":2,"modern_industrialization:deepslate_lignite_coal_ore":116,"modern_industrialization:deepslate_uranium_ore":7,"minecraft:skeleton_skull":1,"minecraft:warped_nylium":7,"paladins:monk_workbench":1,"minecraft:pitcher_plant":1,"botania:gray_mushroom":2,"minecraft:grass":56,"minecraft:oak_log":1,"minecraft:sand":15,"minecraft:dirt":22,"twigs:rhyolite":7,"minecraft:stonecutter":1,"minecraft:netherrack":1185,"minecraft:oak_leaves":38,"minecraft:deepslate":112,"botania:magenta_mushroom":3,"minecraft:diamond_ore":19,"minecraft:nether_gold_ore":20,"techreborn:sapphire_ore":6,"powah:deepslate_uraninite_ore":5,"regions_unexplored:green_bioshroom":8,"minecraft:tuff":4,"minecraft:deepslate_diamond_ore":9,"botania:red_mushroom":3,"minecraft:jack_o_lantern":1,"modern_industrialization:deepslate_antimony_ore":6,"minecraft:glow_lichen":1,"minecells:rotting_corpse":1,"minecells:prison_stone":2,"indrev:deepslate_lead_ore":1,"minecraft:kelp":13,"minecraft:moss_block":24,"minecraft:cartography_table":1,"minecraft:hay_block":5,"botania:purple_mushroom":2,"minecraft:furnace":3,"techreborn:lead_ore":5,"botania:white_mushroom":1,"minecraft:acacia_stairs":1,"treechop:chopped_log":23,"indrev:deepslate_nikolite_ore":15,"minecraft:big_dripleaf_stem":1,"soulsweapons:moonstone_ore_deepslate":10,"minecraft:bookshelf":1,"modern_industrialization:deepslate_monazite_ore":1,"minecraft:shroomlight":2,"minecraft:deepslate_iron_ore":28,"bewitchment:salt_ore":1,"minecraft:vine":29,"minecraft:lantern":1,"minecells:cage":1,"snifferplus:tall_fiddlefern":1,"modern_industrialization:deepslate_nickel_ore":5,"betternether:nether_lapis_ore":9,"minecraft:bamboo":12,"minecraft:stone":587,"twigs:opaline_seashell":6,"minecells:alchemy_equipment_1":1,"croptopia:coconut_crop":9,"regions_unexplored:deepslate_viridescent_nylium":3,"regions_unexplored:brimsprout_nylium":104,"regions_unexplored:brimwood_shrub":1,"regions_unexplored:redwood_shrub":8,"minecells:putrid_boards":2,"archon:scripture_table":1,"twigs:pebble":9,"minecraft:flowering_azalea":6,"techreborn:deepslate_silver_ore":30,"regions_unexplored:brimwood_log":1,"botania:lime_mushroom":1,"regions_unexplored:pink_bioshroom":6,"mythicupgrades:jade_crystal_block":15,"minecraft:crafting_table":9,"twigs:roseate_seashell":1,"botania:pink_mushroom":2,"minecraft:lectern":1,"mythicupgrades:deepslate_jade_ore":1,"minecraft:copper_ore":23,"minecraft:tall_grass":10,"minecraft:deepslate_gold_ore":2,"minecraft:lily_pad":2,"minecraft:big_dripleaf":3,"techreborn:tin_ore":15,"supplementaries:urn":5,"jewelry:deepslate_gem_vein":3,"techreborn:cinnabar_ore":9,"techreborn:ruby_ore":4,"twigs:tangerine_seashell":2,"modern_industrialization:antimony_ore":5,"minecraft:torchflower":3,"minecraft:white_carpet":1,"snifferplus:ivy_head":2,"regions_unexplored:sandy_grass":1,"techreborn:pyrite_ore":4,"minecraft:coal_ore":123,"minecraft:cocoa":3,"minecraft:gravel":8,"minecraft:cobweb":1,"regions_unexplored:green_bioshroom_stem":3,"botania:gray_mystical_flower":1,"minecraft:fern":21},"minecraft:killed_by":{"graveyard:skeleton_creeper":1,"minecells:mutated_bat":1,"creeperoverhaul:ocean_creeper":1,"minecraft:player":5,"minecells:leaping_zombie":1,"spellbladenext:magister":1,"minecells:runner":1},"minecraft:broken":{"minecraft:iron_pickaxe":1},"minecraft:custom":{"lootr:looted_stat":118,"minecraft:interact_with_crafting_table":106,"minecraft:leave_game":3,"minecraft:time_since_death":101695,"minecraft:damage_resisted":120,"minecraft:sprint_one_cm":597505,"minecraft:drop":114,"minecraft:talked_to_villager":8,"minecraft:play_time":621717,"minecraft:deaths":15,"minecraft:jump":5115,"minecraft:interact_with_brewingstand":3,"minecraft:walk_on_water_one_cm":126827,"minecraft:interact_with_furnace":16,"minecraft:interact_with_cartography_table":1,"minecraft:sleep_in_bed":15,"minecraft:damage_dealt":25273,"minecraft:crouch_one_cm":421,"minecraft:interact_with_smoker":1,"minecraft:interact_with_smithing_table":1,"minecraft:interact_with_anvil":3,"minecraft:mob_kills":107,"minecraft:damage_dealt_resisted":4,"minecraft:climb_one_cm":20370,"minecraft:walk_one_cm":1584463,"minecraft:sneak_time":798,"minecraft:walk_under_water_one_cm":31694,"minecraft:boat_one_cm":22401,"minecraft:interact_with_lectern":1,"minecraft:interact_with_blast_furnace":1,"minecraft:total_world_time":621717,"minecraft:interact_with_grindstone":2,"minecraft:hex":0,"minecraft:time_since_rest":56806,"minecraft:damage_taken":12129,"minecraft:damage_absorbed":132,"minecraft:swim_one_cm":18,"minecraft:fly_one_cm":294153,"minecraft:open_chest":505,"minecraft:threat":17,"minecraft:fish_caught":7,"minecraft:fall_one_cm":108770},"minecraft:picked_up":{"minecraft:wooden_axe":1,"techreborn:deepslate_galena_ore":6,"techreborn:raw_tin":43,"croptopia:shrimp":1,"beachparty:rubber_ring_axolotl":2,"simplyswords:watcher_claymore":1,"twigs:roseate_seashell":1,"botania:blue_mushroom":2,"regions_unexplored:brimsprout":39,"soulsweapons:moonstone":8,"minecraft:enchanted_book":2,"croptopia:calamari":3,"botania:light_blue_mushroom":4,"minecraft:string":3,"minecraft:raw_copper":86,"minecraft:shroomlight":2,"promenade:sakura_log":4,"minecraft:cobbled_deepslate":145,"minecraft:gold_nugget":76,"minecraft:bucket":3,"twigs:pebble":21,"modern_industrialization:raw_uranium":7,"minecraft:bubble_coral":1,"minecraft:calcite":6,"minecraft:azalea":8,"minecraft:iron_pickaxe":5,"minecraft:melon_slice":178,"regions_unexplored:redwood_log":108,"minecraft:furnace":4,"minecells:guts":13,"minecraft:stick":26,"minecraft:big_dripleaf":8,"minecraft:torch":47,"twigs:silt_ball":32,"botania:black_mushroom":5,"minecraft:porkchop":12,"twigs:bamboo_leaves":68,"minecraft:diorite":2,"paladins:monk_workbench":1,"minecells:putrid_fence":7,"betternether:cincinnasite":20,"regions_unexplored:daisy":2,"betternether:lapis_pile":37,"simplyswords:gold_spear":1,"minecraft:orange_bed":5,"indrev:raw_lead":1,"minecraft:rotten_flesh":65,"regions_unexplored:green_bioshroom":18,"botania:light_gray_mystical_flower":2,"create:scoria":5,"create:asurine":50,"minecraft:carved_pumpkin":4,"minecells:putrid_board_block":1,"supplementaries:ash":13,"minecraft:obsidian":24,"twigs:tangerine_seashell":2,"minecraft:cod":5,"minecraft:cobblestone":616,"archon:cloudshot_tome":1,"botania:cyan_mushroom":3,"minecraft:magma_block":9,"archon:glisteel_ingot":9,"minecraft:water_bucket":1,"minecraft:jungle_log":1375,"regions_unexplored:flowering_shrub":3,"techreborn:tin_ingot":9,"minecraft:flint":4,"minecraft:tuff":6,"create:raw_zinc":26,"supplementaries:flax_seeds":2,"botania:magenta_mushroom":3,"minecraft:horn_coral":19,"minecraft:lapis_lazuli":1,"minecraft:dirt":47,"minecraft:lantern":1,"lootr:trophy":1,"travelersbackpack:bookshelf":2,"minecraft:bone":33,"minecraft:stonecutter":1,"minecraft:bow":2,"regions_unexplored:brimwood_shrub":1,"minecraft:wheat_seeds":180,"minecraft:raw_gold":2,"botania:gray_mushroom":2,"ftbquests:book":1,"jewelry:sapphire":2,"regions_unexplored:pink_bioshroom":6,"mythicupgrades:jade_crystal_block":15,"botania:gray_mystical_flower":1,"minecraft:glowstone_dust":74,"minecraft:bamboo":106,"minecraft:moss_block":31,"twigs:twig":178,"minecraft:oak_planks":2,"botania:red_mystical_flower":2,"techreborn:raw_lead":49,"minecraft:sand":17,"minecraft:jungle_planks":18,"twigs:azalea_flowers":5,"minecraft:ink_sac":7,"minecells:metal_shards":3,"mcda:wolf_pelt":1,"techreborn:sapphire_gem":10,"indrev:sulfur_crystal":19,"techreborn:peridot_gem":1,"minecraft:bundle":1,"beachparty:rubber_ring_pelican":3,"techreborn:cinnabar_dust":4,"minecraft:diamond":34,"minecells:explosive_bulb":3,"minecraft:writable_book":1,"regions_unexplored:redwood_shrub":8,"minecraft:crossbow":3,"minecraft:grass":15,"minecells:bloomrock":21,"soulsweapons:verglas":3,"minecraft:bread":39,"indrev:nikolite_dust":64,"bewitchment:ectoplasm":2,"minecraft:jack_o_lantern":1,"minecraft:oak_sapling":111,"twigs:rhyolite":3,"minecraft:netherrack":1008,"minecells:throwing_knife":1,"botania:brown_mushroom":1,"minecraft:crafting_table":10,"minecraft:cocoa_beans":27,"minecells:putrid_sapling":2,"modern_industrialization:lignite_coal":126,"botania:white_mushroom":1,"minecraft:clay_ball":44,"techreborn:pyrite_dust":4,"minecraft:gold_block":1,"regions_unexplored:blue_bioshroom":17,"croptopia:kumquat":7,"promenade:blush_sakura_sapling":5,"minecells:bloomrock_tiles":40,"minecraft:shield":1,"minecraft:fire_coral":20,"minecraft:moss_carpet":6,"minecraft:wooden_sword":2,"minecraft:compass":2,"twigs:opaline_seashell":6,"minecraft:blackstone":58,"techreborn:raw_silver":29,"minecraft:cartography_table":1,"minecells:nutcracker":1,"minecells:vine_rune":2,"minecraft:jungle_sapling":125,"croptopia:coconut":8,"minecraft:lectern":1,"minecraft:sugar_cane":3,"minecraft:chest":12,"spellbladenext:arcane_blade":1,"minecraft:egg":1,"minecraft:raw_iron":33,"minecraft:stone":1,"minecells:bloomrock_bricks":13,"techreborn:scrap":1,"minecraft:bowl":2,"minecells:monsters_eye":4,"botania:purple_mushroom":2,"techreborn:ruby_gem":6,"botania:pink_mushroom":2,"regions_unexplored:green_bioshroom_stem":11,"betternether:nether_ruby":28,"minecraft:redstone":18,"minecraft:arrow":42,"jewelry:ruby":1,"minecraft:hay_block":5,"minecraft:gold_ingot":3,"botania:green_mystical_flower":1,"minecraft:glow_berries":9,"minecraft:mutton":4,"minecells:broadsword":2,"minecraft:skeleton_skull":2,"minecraft:white_wool":2,"archon:diamond_mana_catalyst":1,"minecraft:jungle_boat":3,"modern_industrialization:raw_antimony":16,"minecraft:glow_ink_sac":3,"minecells:putrid_boards":8,"minecraft:salmon":3,"vinery:jungle_grape_seeds_red":3,"minecraft:leather":5,"minecraft:fern":9,"regions_unexplored:blue_bioshroom_stem":15,"croptopia:glowing_calamari":1,"minecraft:torchflower":3,"minecraft:oak_log":154,"minecraft:lily_pad":3,"indrev:raw_tungsten":1,"minecraft:gunpowder":6,"botania:red_mushroom":3,"bewitchment:aconite_seeds":2,"minecells:cage":1,"regions_unexplored:tassel":2,"minecraft:paper":38,"minecells:health_flask":16,"botania:black_mystical_flower":2,"promenade:palm_log":7,"minecraft:apple":1,"minecraft:kelp":117,"minecells:prison_torch":8,"bewitchment:mandrake_seeds":2,"minecraft:iron_ingot":5,"minecraft:stone_pickaxe":7,"techreborn:deepslate_bauxite_ore":20,"regions_unexplored:brimwood_log":1,"minecraft:flowering_azalea":6,"minecraft:book":10,"modern_industrialization:raw_tungsten":1,"minecraft:pitcher_plant":1,"minecells:prison_cobblestone":2,"minecells:monster_cell":82,"minecraft:quartz":122,"minecells:infected_flesh":15,"minecraft:raw_iron_block":1,"minecraft:gravel":8,"bewitchment:belladonna_seeds":13,"powah:uraninite_raw":10,"bewitchment:salt":6,"botania:lime_mushroom":1,"minecraft:leather_helmet":1,"modern_industrialization:monazite_dust":1,"travelersbackpack:standard":2,"minecells:multiple_nocks_bow":1,"archon:scripture_table":2,"modern_industrialization:raw_nickel":5,"botania:orange_mystical_flower":1,"minecraft:diamond_axe":2,"minecraft:gray_wool":1,"minecraft:coal":121,"minecraft:ender_pearl":1},"minecraft:crafted":{"minecraft:smooth_stone":5,"minecraft:stone":8,"wizards:wizard_robe_legs":1,"botania:red_petal":2,"wizards:wand_novice":1,"techreborn:lead_ingot":4,"minecraft:chest":7,"archon:diamond_mana_catalyst":1,"wizards:wizard_robe_feet":1,"minecraft:diamond_axe":1,"minecraft:crafting_table":2,"minecraft:jungle_boat":1,"minecraft:wooden_pickaxe":1,"minecraft:copper_ingot":56,"archon:undead_staff":1,"minecraft:charcoal":1,"minecraft:diamond_pickaxe":2,"wizards:wizard_robe_head":2,"minecraft:stick":64,"minecraft:iron_ingot":47,"wizards:wizard_robe_chest":1,"minecraft:iron_pickaxe":3,"runes:crafting_altar":1,"minecraft:iron_block":3,"minecraft:stone_sword":1,"botania:apothecary_default":1,"archon:mana_catalyst":1,"minecraft:wooden_sword":2,"minecraft:fishing_rod":1,"minecraft:furnace":2,"minecraft:pink_dye":1,"minecraft:flint_and_steel":1,"techreborn:tin_ingot":3,"minecraft:stone_pickaxe":4,"botania:redstone_root":1,"minecraft:coal_block":1,"archon:channeler":1,"minecraft:jungle_planks":232,"archon:grimoire":1,"minecraft:white_wool":8,"minecraft:wooden_axe":1,"minecraft:anvil":1,"minecraft:torch":168}},"DataVersion":3465}