{"stats":{"minecraft:dropped":{"minecraft:wheat_seeds":6,"minecraft:crafting_table":1,"croptopia:eggplant":1,"vinery:jungle_grape_seeds_white":4,"regions_unexplored:yellow_lupine":3,"minecraft:apple":1,"bewitchment:aconite_seeds":2,"minecraft:poppy":7,"regions_unexplored:red_lupine":1,"minecraft:mutton":1,"regions_unexplored:barley":59,"minecraft:oak_boat":3,"croptopia:fig":5,"bewitchment:garlic":4,"archers:archer_armor_feet":1,"minecraft:white_wool":2},"minecraft:killed":{"promenade:sunken_skeleton":1,"minecraft:sheep":3},"minecraft:mined":{"vinery:jungle_grape_bush_red":8,"expandeddelight:wild_sweet_potatoes":9,"minecraft:brown_mushroom":3,"croptopia:eggplant_crop":1,"regions_unexplored:red_lupine":1,"regions_unexplored:barley":62,"botania:red_mystical_flower":6,"regions_unexplored:yellow_lupine":2,"minecraft:jungle_leaves":5,"herbalbrews:hibiscus":4,"minecraft:dandelion":3,"minecraft:crafting_table":1,"minecraft:poppy":7,"minecraft:melon":8,"regions_unexplored:poppy_bush":12,"minecraft:tall_grass":4,"minecraft:sugar_cane":5,"herbalbrews:wild_coffee_plant":4,"botania:pink_mystical_flower":4,"croptopia:fig_crop":5,"treechop:chopped_log":1,"minecraft:grass":137,"minecraft:oak_log":1,"minecraft:vine":9,"vinery:jungle_grape_bush_white":1,"regions_unexplored:medium_grass":15,"botania:light_blue_mystical_flower":2,"minecraft:white_wool":1,"minecraft:oak_leaves":7,"minecraft:fern":43},"minecraft:used":{"regions_unexplored:yellow_lupine":1,"minecraft:stone_sword":10,"minecraft:iron_sword":11,"minecraft:white_wool":1,"minecraft:mutton":1,"minecraft:crafting_table":1,"minecraft:oak_log":1,"minecraft:apple":1,"mcdw:sword_katana":6,"immersive_armors:heavy_chestplate":1,"minecraft:iron_helmet":1,"minecraft:oak_boat":3},"minecraft:killed_by":{"creeperoverhaul:ocean_creeper":1,"minecraft:skeleton":2},"minecraft:custom":{"lootr:looted_stat":7,"minecraft:mob_kills":4,"minecraft:interact_with_crafting_table":1,"minecraft:damage_dealt_resisted":0,"minecraft:time_since_death":23408,"minecraft:climb_one_cm":7573,"minecraft:hex":0,"minecraft:time_since_rest":23435,"minecraft:sprint_one_cm":88141,"minecraft:damage_taken":1640,"minecraft:walk_one_cm":104123,"minecraft:drop":24,"minecraft:damage_dealt":490,"minecraft:swim_one_cm":11080,"minecraft:fly_one_cm":55591,"minecraft:play_time":38702,"minecraft:deaths":3,"minecraft:walk_under_water_one_cm":1639,"minecraft:boat_one_cm":174700,"minecraft:jump":613,"minecraft:walk_on_water_one_cm":3907,"minecraft:total_world_time":38702,"minecraft:fall_one_cm":17209},"minecraft:picked_up":{"minecraft:crafting_table":1,"vinery:jungle_grape_seeds_red":15,"minecraft:brown_mushroom":8,"herbalbrews:tea_blossom":3,"minecraft:oak_log":6,"minecraft:lily_pad":8,"regions_unexplored:red_lupine":1,"bewitchment:aconite_seeds":2,"expandeddelight:sweet_potato":8,"regions_unexplored:poppy_bush":13,"botania:light_blue_mystical_flower":2,"croptopia:eggplant":1,"minecraft:apple":2,"botania:pink_mystical_flower":4,"minecraft:wheat_seeds":20,"bewitchment:mandrake_seeds":5,"minecraft:oak_boat":6,"minecraft:jungle_sapling":1,"minecraft:poppy":7,"minecraft:melon_slice":43,"twigs:twig":6,"minecraft:sugar_cane":12,"regions_unexplored:yellow_lupine":4,"vinery:jungle_grape_seeds_white":4,"botania:red_mystical_flower":6,"minecraft:dandelion":3,"herbalbrews:hibiscus":4,"bewitchment:belladonna_seeds":5,"croptopia:eggplant_seed":1,"croptopia:fig":5,"regions_unexplored:barley":59,"bewitchment:garlic":4,"archers:archer_armor_feet":1,"minecraft:oak_sapling":3,"minecraft:mutton":2,"minecraft:white_wool":6},"minecraft:crafted":{"minecraft:oak_planks":20,"minecraft:crafting_table":1,"minecraft:oak_boat":1}},"DataVersion":3465}